chr	start	end	strand	pvalue	qvalue	meth.diff	gene.chr	gene.start	gene.end	gene.strand	gene.startSite	gene.description	gene.withinWindow	gene.enclosesWindow	gene.distance	gene.direction	gene.closest
chr7	7900500	7901000	*	5.25635473173827e-8	0.00187978001460747	-32.2268907563025	chr7	7852241	7852708	-	7852708	ID=Amillepora11475;Name=Amillepora11475;Alias=augustus_masked-chr7-processed-gene-78.13;	FALSE	FALSE	47792	leftOfWindowStart	TRUE
chr7	7900500	7901000	*	5.25635473173827e-8	0.00187978001460747	-32.2268907563025	chr7	7908254	7909081	+	7908254	ID=Amillepora11479;Name=Amillepora11479;Alias=augustus_masked-chr7-processed-gene-79.0;	FALSE	FALSE	7254	rightOfWindowEnd	FALSE
chr7	7900500	7901000	*	5.25635473173827e-8	0.00187978001460747	-32.2268907563025	chr7	7902974	7906609	-	7906609	ID=Amillepora11478;Name=Amillepora11478;Alias=maker-chr7-augustus-gene-79.5;	FALSE	FALSE	5609	rightOfWindowEnd	TRUE
chr6	10449500	10450000	*	7.93056971294425e-8	0.00187978001460747	19.2302433688816	chr6	10410192	10411089	+	10410192	ID=Amillepora19579;Name=Amillepora19579;Alias=augustus_masked-chr6-processed-gene-104.5;	FALSE	FALSE	39308	leftOfWindowStart	FALSE
chr6	10449500	10450000	*	7.93056971294425e-8	0.00187978001460747	19.2302433688816	chr6	10429042	10440712	-	10440712	ID=Amillepora19581;Name=Amillepora19581;Alias=maker-chr6-snap-gene-104.45;	FALSE	FALSE	8788	leftOfWindowStart	FALSE
chr6	10449500	10450000	*	7.93056971294425e-8	0.00187978001460747	19.2302433688816	chr6	10445923	10448284	-	10448284	ID=Amillepora19582;Name=Amillepora19582;Alias=maker-chr6-snap-gene-104.46;	FALSE	FALSE	1216	leftOfWindowStart	TRUE
chr6	10449500	10450000	*	7.93056971294425e-8	0.00187978001460747	19.2302433688816	chr6	10396203	10399522	-	10399522	ID=Amillepora19575;Name=Amillepora19575;Alias=maker-chr6-augustus-gene-104.33;	FALSE	FALSE	49978	leftOfWindowStart	FALSE
chr6	10449500	10450000	*	7.93056971294425e-8	0.00187978001460747	19.2302433688816	chr6	10399627	10403001	-	10403001	ID=Amillepora19576;Name=Amillepora19576;Alias=maker-chr6-augustus-gene-104.34;	FALSE	FALSE	46499	leftOfWindowStart	FALSE
chr6	10449500	10450000	*	7.93056971294425e-8	0.00187978001460747	19.2302433688816	chr6	10407902	10410143	+	10407902	ID=Amillepora19578;Name=Amillepora19578;Alias=maker-chr6-snap-gene-104.39;	FALSE	FALSE	41598	leftOfWindowStart	FALSE
chr6	10449500	10450000	*	7.93056971294425e-8	0.00187978001460747	19.2302433688816	chr6	10474427	10483004	+	10474427	ID=Amillepora19585;Name=Amillepora19585;Alias=maker-chr6-augustus-gene-104.31;	FALSE	FALSE	24427	rightOfWindowEnd	FALSE
chr6	10449500	10450000	*	7.93056971294425e-8	0.00187978001460747	19.2302433688816	chr6	10452648	10455197	-	10455197	ID=Amillepora19583;Name=Amillepora19583;Alias=maker-chr6-augustus-gene-104.37;	FALSE	FALSE	5197	rightOfWindowEnd	TRUE
chr6	10449500	10450000	*	7.93056971294425e-8	0.00187978001460747	19.2302433688816	chr6	10456493	10464723	-	10464723	ID=Amillepora19584;Name=Amillepora19584;Alias=maker-chr6-snap-gene-104.48;	FALSE	FALSE	14723	rightOfWindowEnd	FALSE
chr6	10449500	10450000	*	7.93056971294425e-8	0.00187978001460747	19.2302433688816	chr6	10496505	10503381	+	10496505	ID=Amillepora19587;Name=Amillepora19587;Alias=maker-chr6-augustus-gene-105.20;	FALSE	FALSE	46505	rightOfWindowEnd	FALSE
chr7	11162500	11163000	*	8.22709207959706e-8	0.00187978001460747	-31.768342041357	chr7	11134690	11166017	+	11134690	ID=Amillepora11793;Name=Amillepora11793;Alias=maker-chr7-snap-gene-111.14;	FALSE	TRUE	27810	leftOfWindowStart	TRUE
chr7	11162500	11163000	*	8.22709207959706e-8	0.00187978001460747	-31.768342041357	chr7	11111995	11115731	-	11115731	ID=Amillepora11792;Name=Amillepora11792;Alias=maker-chr7-augustus-gene-111.13;	FALSE	FALSE	46769	leftOfWindowStart	FALSE
chr7	11162500	11163000	*	8.22709207959706e-8	0.00187978001460747	-31.768342041357	chr7	11199878	11201164	+	11199878	ID=Amillepora11795;Name=Amillepora11795;Alias=maker-chr7-augustus-gene-112.17;	FALSE	FALSE	36878	rightOfWindowEnd	FALSE
chr7	11162500	11163000	*	8.22709207959706e-8	0.00187978001460747	-31.768342041357	chr7	11202327	11203985	-	11203985	ID=Amillepora11796;Name=Amillepora11796;Alias=maker-chr7-augustus-gene-112.18;	FALSE	FALSE	40985	rightOfWindowEnd	FALSE
chr7	11162500	11163000	*	8.22709207959706e-8	0.00187978001460747	-31.768342041357	chr7	11197166	11199046	-	11199046	ID=Amillepora11794;Name=Amillepora11794;Alias=maker-chr7-snap-gene-112.22;	FALSE	FALSE	36046	rightOfWindowEnd	TRUE
chr13	7578500	7579000	*	2.20666341908344e-7	0.00378144709639762	-37.9521016617791	chr13	7571840	7573505	+	7571840	ID=Amillepora15524;Name=Amillepora15524;Alias=maker-chr13-augustus-gene-75.17;	FALSE	FALSE	6660	leftOfWindowStart	TRUE
chr13	7578500	7579000	*	2.20666341908344e-7	0.00378144709639762	-37.9521016617791	chr13	7559723	7569792	+	7559723	ID=Amillepora15522;Name=Amillepora15522;Alias=maker-chr13-snap-gene-75.22;	FALSE	FALSE	18777	leftOfWindowStart	FALSE
chr13	7578500	7579000	*	2.20666341908344e-7	0.00378144709639762	-37.9521016617791	chr13	7571809	7582985	-	7582985	ID=Amillepora15523;Name=Amillepora15523;Alias=maker-chr13-augustus-gene-75.18;	FALSE	TRUE	3985	rightOfWindowEnd	TRUE
chr13	7578500	7579000	*	2.20666341908344e-7	0.00378144709639762	-37.9521016617791	chr13	7611717	7616274	+	7611717	ID=Amillepora15527;Name=Amillepora15527;Alias=maker-chr13-augustus-gene-76.17;	FALSE	FALSE	32717	rightOfWindowEnd	FALSE
chr13	7578500	7579000	*	2.20666341908344e-7	0.00378144709639762	-37.9521016617791	chr13	7604641	7610541	+	7604641	ID=Amillepora15526;Name=Amillepora15526;Alias=maker-chr13-augustus-gene-76.16;	FALSE	FALSE	25641	rightOfWindowEnd	FALSE
chr13	7578500	7579000	*	2.20666341908344e-7	0.00378144709639762	-37.9521016617791	chr13	7584989	7604442	-	7604442	ID=Amillepora15525;Name=Amillepora15525;Alias=maker-chr13-snap-gene-76.24;	FALSE	FALSE	25442	rightOfWindowEnd	FALSE
Sc0000192	180000	180500	*	3.6347258054189e-7	0.00498291609830075	9.13636363636364	Sc0000192	172417	184771	+	172417	ID=Amillepora34084;Name=Amillepora34084;Alias=snap_masked-Sc0000192-processed-gene-1.13;	FALSE	TRUE	7583	leftOfWindowStart	TRUE
Sc0000192	180000	180500	*	3.6347258054189e-7	0.00498291609830075	9.13636363636364	Sc0000192	146111	170091	-	170091	ID=Amillepora34082;Name=Amillepora34082;Alias=maker-Sc0000192-snap-gene-1.21;	FALSE	FALSE	9909	leftOfWindowStart	FALSE
Sc0000192	180000	180500	*	3.6347258054189e-7	0.00498291609830075	9.13636363636364	Sc0000192	207565	208173	+	207565	ID=Amillepora34087;Name=Amillepora34087;Alias=augustus_masked-Sc0000192-processed-gene-2.2;	FALSE	FALSE	27065	rightOfWindowEnd	FALSE
Sc0000192	180000	180500	*	3.6347258054189e-7	0.00498291609830075	9.13636363636364	Sc0000192	200535	207734	-	207734	ID=Amillepora34086;Name=Amillepora34086;Alias=maker-Sc0000192-snap-gene-2.24;	FALSE	FALSE	27234	rightOfWindowEnd	FALSE
Sc0000192	180000	180500	*	3.6347258054189e-7	0.00498291609830075	9.13636363636364	Sc0000192	185730	200453	-	200453	ID=Amillepora34085;Name=Amillepora34085;Alias=maker-Sc0000192-snap-gene-2.25;	FALSE	FALSE	19953	rightOfWindowEnd	TRUE
chr10	7822000	7822500	*	8.90013350998113e-7	0.0101678046979025	-5.79710144927536	chr10	7808896	7811526	+	7808896	ID=Amillepora17392;Name=Amillepora17392;Alias=augustus_masked-chr10-processed-gene-78.0;	FALSE	FALSE	13104	leftOfWindowStart	TRUE
chr10	7822000	7822500	*	8.90013350998113e-7	0.0101678046979025	-5.79710144927536	chr10	7806266	7806874	-	7806874	ID=Amillepora17391;Name=Amillepora17391;Alias=maker-chr10-augustus-gene-78.11;	FALSE	FALSE	15126	leftOfWindowStart	FALSE
chr10	7822000	7822500	*	8.90013350998113e-7	0.0101678046979025	-5.79710144927536	chr10	7839513	7845243	-	7845243	ID=Amillepora17393;Name=Amillepora17393;Alias=snap_masked-chr10-processed-gene-78.8;	FALSE	FALSE	22743	rightOfWindowEnd	TRUE
chr10	7822000	7822500	*	8.90013350998113e-7	0.0101678046979025	-5.79710144927536	chr10	7868853	7870363	-	7870363	ID=Amillepora17395;Name=Amillepora17395;Alias=maker-chr10-snap-gene-78.15;	FALSE	FALSE	47863	rightOfWindowEnd	FALSE
chr10	7822000	7822500	*	8.90013350998113e-7	0.0101678046979025	-5.79710144927536	chr10	7865195	7868832	-	7868832	ID=Amillepora17394;Name=Amillepora17394;Alias=maker-chr10-snap-gene-78.14;	FALSE	FALSE	46332	rightOfWindowEnd	FALSE
chr5	21386000	21386500	*	1.21455353934975e-6	0.0118932500148022	19.8116134751773	chr5	21363241	21363936	+	21363241	ID=Amillepora07786;Name=Amillepora07786;Alias=augustus_masked-chr5-processed-gene-213.2;	FALSE	FALSE	22759	leftOfWindowStart	TRUE
chr5	21386000	21386500	*	1.21455353934975e-6	0.0118932500148022	19.8116134751773	chr5	21359826	21361178	+	21359826	ID=Amillepora07785;Name=Amillepora07785;Alias=augustus_masked-chr5-processed-gene-213.1;	FALSE	FALSE	26174	leftOfWindowStart	FALSE
chr5	21386000	21386500	*	1.21455353934975e-6	0.0118932500148022	19.8116134751773	chr5	21344951	21347636	-	21347636	ID=Amillepora07783;Name=Amillepora07783;Alias=maker-chr5-snap-gene-213.23;	FALSE	FALSE	38364	leftOfWindowStart	FALSE
chr5	21386000	21386500	*	1.21455353934975e-6	0.0118932500148022	19.8116134751773	chr5	21357097	21358422	-	21358422	ID=Amillepora07784;Name=Amillepora07784;Alias=augustus_masked-chr5-processed-gene-213.5;	FALSE	FALSE	27578	leftOfWindowStart	FALSE
chr5	21386000	21386500	*	1.21455353934975e-6	0.0118932500148022	19.8116134751773	chr5	21331331	21339618	-	21339618	ID=Amillepora07782;Name=Amillepora07782;Alias=snap_masked-chr5-processed-gene-213.15;	FALSE	FALSE	46382	leftOfWindowStart	FALSE
chr5	21386000	21386500	*	1.21455353934975e-6	0.0118932500148022	19.8116134751773	chr5	21410458	21412655	-	21412655	ID=Amillepora07788;Name=Amillepora07788;Alias=maker-chr5-augustus-gene-214.19;	FALSE	FALSE	26155	rightOfWindowEnd	FALSE
chr5	21386000	21386500	*	1.21455353934975e-6	0.0118932500148022	19.8116134751773	chr5	21403649	21406501	-	21406501	ID=Amillepora07787;Name=Amillepora07787;Alias=maker-chr5-augustus-gene-214.18;	FALSE	FALSE	20001	rightOfWindowEnd	TRUE
chr1	28262000	28262500	*	2.95092844741794e-6	0.0252842814918295	34.2359537158535	chr1	28248540	28249595	+	28248540	ID=Amillepora02361;Name=Amillepora02361;Alias=augustus_masked-chr1-processed-gene-282.12;	FALSE	FALSE	13460	leftOfWindowStart	FALSE
chr1	28262000	28262500	*	2.95092844741794e-6	0.0252842814918295	34.2359537158535	chr1	28231749	28232561	+	28231749	ID=Amillepora02358;Name=Amillepora02358;Alias=snap_masked-chr1-processed-gene-282.24;	FALSE	FALSE	30251	leftOfWindowStart	FALSE
chr1	28262000	28262500	*	2.95092844741794e-6	0.0252842814918295	34.2359537158535	chr1	28259678	28260351	+	28259678	ID=Amillepora02362;Name=Amillepora02362;Alias=maker-chr1-snap-gene-282.43;	FALSE	FALSE	2322	leftOfWindowStart	FALSE
chr1	28262000	28262500	*	2.95092844741794e-6	0.0252842814918295	34.2359537158535	chr1	28234922	28243596	+	28234922	ID=Amillepora02359;Name=Amillepora02359;Alias=snap_masked-chr1-processed-gene-282.25;	FALSE	FALSE	27078	leftOfWindowStart	FALSE
chr1	28262000	28262500	*	2.95092844741794e-6	0.0252842814918295	34.2359537158535	chr1	28261461	28262651	+	28261461	ID=Amillepora02363;Name=Amillepora02363;Alias=maker-chr1-augustus-gene-282.38;	FALSE	TRUE	539	leftOfWindowStart	TRUE
chr1	28262000	28262500	*	2.95092844741794e-6	0.0252842814918295	34.2359537158535	chr1	28244318	28246013	+	28244318	ID=Amillepora02360;Name=Amillepora02360;Alias=snap_masked-chr1-processed-gene-282.26;	FALSE	FALSE	17682	leftOfWindowStart	FALSE
chr1	28262000	28262500	*	2.95092844741794e-6	0.0252842814918295	34.2359537158535	chr1	28289228	28289594	-	28289594	ID=Amillepora02367;Name=Amillepora02367;Alias=maker-chr1-snap-gene-283.30;	FALSE	FALSE	27094	rightOfWindowEnd	TRUE
chr1	28262000	28262500	*	2.95092844741794e-6	0.0252842814918295	34.2359537158535	chr1	28289683	28290000	-	28290000	ID=Amillepora02368;Name=Amillepora02368;Alias=maker-chr1-snap-gene-283.29;	FALSE	FALSE	27500	rightOfWindowEnd	FALSE
chr5	10510500	10511000	*	3.51177662752996e-6	0.025480032759435	11.5920685615311	chr5	10466748	10473917	+	10466748	ID=Amillepora07001;Name=Amillepora07001;Alias=maker-chr5-snap-gene-104.32;	FALSE	FALSE	43752	leftOfWindowStart	FALSE
chr5	10510500	10511000	*	3.51177662752996e-6	0.025480032759435	11.5920685615311	chr5	10460887	10466404	+	10460887	ID=Amillepora07000;Name=Amillepora07000;Alias=augustus_masked-chr5-processed-gene-104.4;	FALSE	FALSE	49613	leftOfWindowStart	FALSE
chr5	10510500	10511000	*	3.51177662752996e-6	0.025480032759435	11.5920685615311	chr5	10474070	10482324	-	10482324	ID=Amillepora07002;Name=Amillepora07002;Alias=maker-chr5-augustus-gene-104.28;	FALSE	FALSE	28176	leftOfWindowStart	FALSE
chr5	10510500	10511000	*	3.51177662752996e-6	0.025480032759435	11.5920685615311	chr5	10458109	10460600	-	10460600	ID=Amillepora06999;Name=Amillepora06999;Alias=maker-chr5-augustus-gene-104.27;	FALSE	FALSE	49900	leftOfWindowStart	FALSE
chr5	10510500	10511000	*	3.51177662752996e-6	0.025480032759435	11.5920685615311	chr5	10505898	10510745	-	10510745	ID=Amillepora07004;Name=Amillepora07004;Alias=augustus_masked-chr5-processed-gene-105.4;	TRUE	FALSE	-245	leftOfWindowStart	TRUE
chr5	10510500	10511000	*	3.51177662752996e-6	0.025480032759435	11.5920685615311	chr5	10536863	10541222	+	10536863	ID=Amillepora07008;Name=Amillepora07008;Alias=maker-chr5-augustus-gene-105.32;	FALSE	FALSE	25863	rightOfWindowEnd	FALSE
chr5	10510500	10511000	*	3.51177662752996e-6	0.025480032759435	11.5920685615311	chr5	10514691	10533457	-	10533457	ID=Amillepora07006;Name=Amillepora07006;Alias=snap_masked-chr5-processed-gene-105.24;	FALSE	FALSE	22457	rightOfWindowEnd	FALSE
chr5	10510500	10511000	*	3.51177662752996e-6	0.025480032759435	11.5920685615311	chr5	10534652	10536755	-	10536755	ID=Amillepora07007;Name=Amillepora07007;Alias=maker-chr5-snap-gene-105.42;	FALSE	FALSE	25755	rightOfWindowEnd	FALSE
chr5	10510500	10511000	*	3.51177662752996e-6	0.025480032759435	11.5920685615311	chr5	10510764	10512533	-	10512533	ID=Amillepora07005;Name=Amillepora07005;Alias=maker-chr5-snap-gene-105.40;	FALSE	FALSE	1533	rightOfWindowEnd	TRUE
Sc0000209	221000	221500	*	3.71721822188496e-6	0.025480032759435	-23.4154929577465	Sc0000209	210523	212832	+	210523	ID=Amillepora34589;Name=Amillepora34589;Alias=snap_masked-Sc0000209-processed-gene-1.22;	FALSE	FALSE	10477	leftOfWindowStart	FALSE
Sc0000209	221000	221500	*	3.71721822188496e-6	0.025480032759435	-23.4154929577465	Sc0000209	219320	220453	-	220453	ID=Amillepora34591;Name=Amillepora34591;Alias=augustus_masked-Sc0000209-processed-gene-1.18;	FALSE	FALSE	547	leftOfWindowStart	TRUE
Sc0000209	221000	221500	*	3.71721822188496e-6	0.025480032759435	-23.4154929577465	Sc0000209	187371	191456	-	191456	ID=Amillepora34587;Name=Amillepora34587;Alias=maker-Sc0000209-snap-gene-1.32;	FALSE	FALSE	29544	leftOfWindowStart	FALSE
Sc0000209	221000	221500	*	3.71721822188496e-6	0.025480032759435	-23.4154929577465	Sc0000209	205097	207790	-	207790	ID=Amillepora34588;Name=Amillepora34588;Alias=augustus_masked-Sc0000209-processed-gene-1.16;	FALSE	FALSE	13210	leftOfWindowStart	FALSE
Sc0000209	221000	221500	*	3.71721822188496e-6	0.025480032759435	-23.4154929577465	Sc0000209	217141	219277	-	219277	ID=Amillepora34590;Name=Amillepora34590;Alias=maker-Sc0000209-snap-gene-1.33;	FALSE	FALSE	1723	leftOfWindowStart	FALSE
xpSc0000636	24500	25000	*	5.43900848416498e-6	0.0330752489910849	28.1609195402299	xpSc0000636	24844	30664	+	24844	ID=Amillepora37259;Name=Amillepora37259;Alias=maker-xpSc0000636-snap-gene-0.28;	TRUE	FALSE	-344	leftOfWindowStart	TRUE
xpSc0000636	24500	25000	*	5.43900848416498e-6	0.0330752489910849	28.1609195402299	xpSc0000636	1529	12638	+	1529	ID=Amillepora37255;Name=Amillepora37255;Alias=augustus_masked-xpSc0000636-processed-gene-0.0;	FALSE	FALSE	22971	leftOfWindowStart	FALSE
xpSc0000636	24500	25000	*	5.43900848416498e-6	0.0330752489910849	28.1609195402299	xpSc0000636	24335	24790	+	24335	ID=Amillepora37258;Name=Amillepora37258;Alias=augustus_masked-xpSc0000636-processed-gene-0.1;	FALSE	FALSE	165	leftOfWindowStart	FALSE
xpSc0000636	24500	25000	*	5.43900848416498e-6	0.0330752489910849	28.1609195402299	xpSc0000636	4745	7064	-	7064	ID=Amillepora37256;Name=Amillepora37256;Alias=maker-xpSc0000636-augustus-gene-0.26;	FALSE	FALSE	17436	leftOfWindowStart	FALSE
xpSc0000636	24500	25000	*	5.43900848416498e-6	0.0330752489910849	28.1609195402299	xpSc0000636	16457	17836	-	17836	ID=Amillepora37257;Name=Amillepora37257;Alias=augustus_masked-xpSc0000636-processed-gene-0.8;	FALSE	FALSE	6664	leftOfWindowStart	FALSE
xpSc0000636	24500	25000	*	5.43900848416498e-6	0.0330752489910849	28.1609195402299	xpSc0000636	32526	32738	+	32526	ID=Amillepora37260;Name=Amillepora37260;Alias=snap_masked-xpSc0000636-processed-gene-0.13;	FALSE	FALSE	7526	rightOfWindowEnd	TRUE
xpSc0000636	24500	25000	*	5.43900848416498e-6	0.0330752489910849	28.1609195402299	xpSc0000636	48005	55458	+	48005	ID=Amillepora37261;Name=Amillepora37261;Alias=snap_masked-xpSc0000636-processed-gene-0.16;	FALSE	FALSE	23005	rightOfWindowEnd	FALSE
xpSc0000636	24500	25000	*	5.43900848416498e-6	0.0330752489910849	28.1609195402299	xpSc0000636	59286	59537	+	59286	ID=Amillepora37262;Name=Amillepora37262;Alias=snap_masked-xpSc0000636-processed-gene-0.17;	FALSE	FALSE	34286	rightOfWindowEnd	FALSE
chr2	14161000	14161500	*	5.79031837535687e-6	0.0330752489910849	30.5309734513274	chr2	14117648	14130435	+	14117648	ID=Amillepora04273;Name=Amillepora04273;Alias=augustus_masked-chr2-processed-gene-141.14;	FALSE	FALSE	43352	leftOfWindowStart	TRUE
chr2	14161000	14161500	*	5.79031837535687e-6	0.0330752489910849	30.5309734513274	chr2	14165658	14170159	+	14165658	ID=Amillepora04281;Name=Amillepora04281;Alias=snap_masked-chr2-processed-gene-141.29;	FALSE	FALSE	4158	rightOfWindowEnd	TRUE
chr2	14161000	14161500	*	5.79031837535687e-6	0.0330752489910849	30.5309734513274	chr2	14209369	14215498	+	14209369	ID=Amillepora04282;Name=Amillepora04282;Alias=snap_masked-chr2-processed-gene-142.21;	FALSE	FALSE	47869	rightOfWindowEnd	FALSE
xpSc0000572	150500	151000	*	6.51907791950157e-6	0.0343735782709491	-16.1585365853659	xpSc0000572	124152	125037	+	124152	ID=Amillepora35372;Name=Amillepora35372;Alias=maker-xpSc0000572-augustus-gene-1.48;	FALSE	FALSE	26348	leftOfWindowStart	FALSE
xpSc0000572	150500	151000	*	6.51907791950157e-6	0.0343735782709491	-16.1585365853659	xpSc0000572	120634	122166	+	120634	ID=Amillepora35371;Name=Amillepora35371;Alias=augustus_masked-xpSc0000572-processed-gene-1.8;	FALSE	FALSE	29866	leftOfWindowStart	FALSE
xpSc0000572	150500	151000	*	6.51907791950157e-6	0.0343735782709491	-16.1585365853659	xpSc0000572	150569	153926	+	150569	ID=Amillepora35375;Name=Amillepora35375;Alias=augustus_masked-xpSc0000572-processed-gene-1.12;	TRUE	FALSE	-69	leftOfWindowStart	TRUE
xpSc0000572	150500	151000	*	6.51907791950157e-6	0.0343735782709491	-16.1585365853659	xpSc0000572	113270	120617	+	113270	ID=Amillepora35370;Name=Amillepora35370;Alias=augustus_masked-xpSc0000572-processed-gene-1.7;	FALSE	FALSE	37230	leftOfWindowStart	FALSE
xpSc0000572	150500	151000	*	6.51907791950157e-6	0.0343735782709491	-16.1585365853659	xpSc0000572	145873	147546	-	147546	ID=Amillepora35374;Name=Amillepora35374;Alias=maker-xpSc0000572-snap-gene-1.67;	FALSE	FALSE	2954	leftOfWindowStart	FALSE
xpSc0000572	150500	151000	*	6.51907791950157e-6	0.0343735782709491	-16.1585365853659	xpSc0000572	136982	140098	-	140098	ID=Amillepora35373;Name=Amillepora35373;Alias=maker-xpSc0000572-snap-gene-1.65;	FALSE	FALSE	10402	leftOfWindowStart	FALSE
xpSc0000572	150500	151000	*	6.51907791950157e-6	0.0343735782709491	-16.1585365853659	xpSc0000572	179338	181341	+	179338	ID=Amillepora35377;Name=Amillepora35377;Alias=augustus_masked-xpSc0000572-processed-gene-1.13;	FALSE	FALSE	28338	rightOfWindowEnd	FALSE
xpSc0000572	150500	151000	*	6.51907791950157e-6	0.0343735782709491	-16.1585365853659	xpSc0000572	182369	182757	+	182369	ID=Amillepora35378;Name=Amillepora35378;Alias=maker-xpSc0000572-snap-gene-1.62;	FALSE	FALSE	31369	rightOfWindowEnd	FALSE
xpSc0000572	150500	151000	*	6.51907791950157e-6	0.0343735782709491	-16.1585365853659	xpSc0000572	154436	178981	+	154436	ID=Amillepora35376;Name=Amillepora35376;Alias=maker-xpSc0000572-snap-gene-1.58;	FALSE	FALSE	3436	rightOfWindowEnd	TRUE
xpSc0000572	150500	151000	*	6.51907791950157e-6	0.0343735782709491	-16.1585365853659	xpSc0000572	186179	198119	+	186179	ID=Amillepora35380;Name=Amillepora35380;Alias=snap_masked-xpSc0000572-processed-gene-1.37;	FALSE	FALSE	35179	rightOfWindowEnd	FALSE
xpSc0000572	150500	151000	*	6.51907791950157e-6	0.0343735782709491	-16.1585365853659	xpSc0000572	182771	185062	+	182771	ID=Amillepora35379;Name=Amillepora35379;Alias=maker-xpSc0000572-snap-gene-1.59;	FALSE	FALSE	31771	rightOfWindowEnd	FALSE
xpSc0000572	150500	151000	*	6.51907791950157e-6	0.0343735782709491	-16.1585365853659	xpSc0000572	196928	198334	-	198334	ID=Amillepora35381;Name=Amillepora35381;Alias=augustus_masked-xpSc0000572-processed-gene-1.24;	FALSE	FALSE	47334	rightOfWindowEnd	FALSE
xpSc0000616	102000	102500	*	7.69376405499655e-6	0.0354513552312544	19.6685998342999	xpSc0000616	56358	57896	+	56358	ID=Amillepora36916;Name=Amillepora36916;Alias=augustus_masked-xpSc0000616-processed-gene-0.15;	FALSE	FALSE	45642	leftOfWindowStart	FALSE
xpSc0000616	102000	102500	*	7.69376405499655e-6	0.0354513552312544	19.6685998342999	xpSc0000616	67115	70372	+	67115	ID=Amillepora36917;Name=Amillepora36917;Alias=augustus_masked-xpSc0000616-processed-gene-0.16;	FALSE	FALSE	34885	leftOfWindowStart	FALSE
xpSc0000616	102000	102500	*	7.69376405499655e-6	0.0354513552312544	19.6685998342999	xpSc0000616	73577	79896	+	73577	ID=Amillepora36918;Name=Amillepora36918;Alias=augustus_masked-xpSc0000616-processed-gene-0.17;	FALSE	FALSE	28423	leftOfWindowStart	FALSE
xpSc0000616	102000	102500	*	7.69376405499655e-6	0.0354513552312544	19.6685998342999	xpSc0000616	53505	56323	+	53505	ID=Amillepora36915;Name=Amillepora36915;Alias=maker-xpSc0000616-augustus-gene-0.37;	FALSE	FALSE	48495	leftOfWindowStart	FALSE
xpSc0000616	102000	102500	*	7.69376405499655e-6	0.0354513552312544	19.6685998342999	xpSc0000616	99703	101073	-	101073	ID=Amillepora36919;Name=Amillepora36919;Alias=maker-xpSc0000616-snap-gene-0.50;	FALSE	FALSE	927	leftOfWindowStart	FALSE
xpSc0000616	102000	102500	*	7.69376405499655e-6	0.0354513552312544	19.6685998342999	xpSc0000616	16783	66396	-	66396	ID=Amillepora36901;Name=Amillepora36901;Alias=snap_masked-xpSc0000616-processed-gene-0.32;	FALSE	FALSE	35604	leftOfWindowStart	FALSE
xpSc0000616	102000	102500	*	7.69376405499655e-6	0.0354513552312544	19.6685998342999	xpSc0000616	101140	102220	-	102220	ID=Amillepora36920;Name=Amillepora36920;Alias=maker-xpSc0000616-augustus-gene-0.41;	TRUE	FALSE	-220	leftOfWindowStart	TRUE
chr3	10923500	10924000	*	7.75786425984902e-6	0.0354513552312544	-5.15667850559727	chr3	10920034	10924698	+	10920034	ID=Amillepora22782;Name=Amillepora22782;Alias=augustus_masked-chr3-processed-gene-109.3;	FALSE	TRUE	3466	leftOfWindowStart	TRUE
chr3	10923500	10924000	*	7.75786425984902e-6	0.0354513552312544	-5.15667850559727	chr3	10971510	10972358	+	10971510	ID=Amillepora22783;Name=Amillepora22783;Alias=augustus_masked-chr3-processed-gene-109.6;	FALSE	FALSE	47510	rightOfWindowEnd	TRUE
chr9	16199000	16199500	*	1.01745521834326e-5	0.0426875660034036	27.1685761047463	chr9	16160249	16163904	-	16163904	ID=Amillepora21634;Name=Amillepora21634;Alias=maker-chr9-snap-gene-161.8;	FALSE	FALSE	35096	leftOfWindowStart	FALSE
chr9	16199000	16199500	*	1.01745521834326e-5	0.0426875660034036	27.1685761047463	chr9	16181831	16226027	+	16181831	ID=Amillepora21635;Name=Amillepora21635;Alias=snap_masked-chr9-processed-gene-162.14;	FALSE	TRUE	17169	leftOfWindowStart	FALSE
chr9	16199000	16199500	*	1.01745521834326e-5	0.0426875660034036	27.1685761047463	chr9	16183200	16184343	-	16184343	ID=Amillepora21636;Name=Amillepora21636;Alias=maker-chr9-augustus-gene-162.26;	FALSE	FALSE	14657	leftOfWindowStart	TRUE
chr9	16199000	16199500	*	1.01745521834326e-5	0.0426875660034036	27.1685761047463	chr9	16226747	16231187	+	16226747	ID=Amillepora21639;Name=Amillepora21639;Alias=augustus_masked-chr9-processed-gene-162.5;	FALSE	FALSE	27247	rightOfWindowEnd	FALSE
chr9	16199000	16199500	*	1.01745521834326e-5	0.0426875660034036	27.1685761047463	chr9	16223071	16226746	-	16226746	ID=Amillepora21638;Name=Amillepora21638;Alias=maker-chr9-augustus-gene-162.27;	FALSE	FALSE	27246	rightOfWindowEnd	TRUE
chr2	29699500	29700000	*	1.05868897218321e-5	0.0426875660034036	-9.96691480562448	chr2	29682693	29683097	-	29683097	ID=Amillepora05506;Name=Amillepora05506;Alias=augustus_masked-chr2-processed-gene-296.6;	FALSE	FALSE	16403	leftOfWindowStart	FALSE
chr2	29699500	29700000	*	1.05868897218321e-5	0.0426875660034036	-9.96691480562448	chr2	29687388	29688722	-	29688722	ID=Amillepora05508;Name=Amillepora05508;Alias=augustus_masked-chr2-processed-gene-296.8;	FALSE	FALSE	10778	leftOfWindowStart	FALSE
chr2	29699500	29700000	*	1.05868897218321e-5	0.0426875660034036	-9.96691480562448	chr2	29683160	29687089	-	29687089	ID=Amillepora05507;Name=Amillepora05507;Alias=augustus_masked-chr2-processed-gene-296.7;	FALSE	FALSE	12411	leftOfWindowStart	FALSE
chr2	29699500	29700000	*	1.05868897218321e-5	0.0426875660034036	-9.96691480562448	chr2	29697106	29700082	+	29697106	ID=Amillepora05511;Name=Amillepora05511;Alias=augustus_masked-chr2-processed-gene-297.1;	FALSE	TRUE	2394	leftOfWindowStart	TRUE
chr2	29699500	29700000	*	1.05868897218321e-5	0.0426875660034036	-9.96691480562448	chr2	29691392	29696102	+	29691392	ID=Amillepora05510;Name=Amillepora05510;Alias=maker-chr2-snap-gene-297.28;	FALSE	FALSE	8108	leftOfWindowStart	FALSE
chr2	29699500	29700000	*	1.05868897218321e-5	0.0426875660034036	-9.96691480562448	chr2	29690639	29690992	+	29690639	ID=Amillepora05509;Name=Amillepora05509;Alias=maker-chr2-snap-gene-297.26;	FALSE	FALSE	8861	leftOfWindowStart	FALSE
chr2	29699500	29700000	*	1.05868897218321e-5	0.0426875660034036	-9.96691480562448	chr2	29713767	29713993	+	29713767	ID=Amillepora05512;Name=Amillepora05512;Alias=maker-chr2-snap-gene-297.29;	FALSE	FALSE	13767	rightOfWindowEnd	TRUE
chr2	29699500	29700000	*	1.05868897218321e-5	0.0426875660034036	-9.96691480562448	chr2	29714448	29717595	+	29714448	ID=Amillepora05513;Name=Amillepora05513;Alias=maker-chr2-snap-gene-297.30;	FALSE	FALSE	14448	rightOfWindowEnd	FALSE
Sc0000015	17000	17500	*	1.34658912061666e-5	0.0511392611486245	14.8148148148148	NA	NA	NA	NA	NA	NA	NA	NA	NA	NA	NA
Sc0000160	349000	349500	*	1.41750998070251e-5	0.0511392611486245	-20.5895787217596	Sc0000160	344060	348951	+	344060	ID=Amillepora32528;Name=Amillepora32528;Alias=maker-Sc0000160-augustus-gene-3.33;	FALSE	FALSE	4940	leftOfWindowStart	TRUE
Sc0000160	349000	349500	*	1.41750998070251e-5	0.0511392611486245	-20.5895787217596	Sc0000160	299624	301405	-	301405	ID=Amillepora32524;Name=Amillepora32524;Alias=augustus_masked-Sc0000160-processed-gene-3.11;	FALSE	FALSE	47595	leftOfWindowStart	FALSE
Sc0000160	349000	349500	*	1.41750998070251e-5	0.0511392611486245	-20.5895787217596	Sc0000160	358270	360086	+	358270	ID=Amillepora32529;Name=Amillepora32529;Alias=maker-Sc0000160-augustus-gene-3.34;	FALSE	FALSE	8770	rightOfWindowEnd	TRUE
Sc0000160	349000	349500	*	1.41750998070251e-5	0.0511392611486245	-20.5895787217596	Sc0000160	378057	379871	+	378057	ID=Amillepora32530;Name=Amillepora32530;Alias=augustus_masked-Sc0000160-processed-gene-3.15;	FALSE	FALSE	28557	rightOfWindowEnd	FALSE
Sc0000160	349000	349500	*	1.41750998070251e-5	0.0511392611486245	-20.5895787217596	Sc0000160	321709	363742	-	363742	ID=Amillepora32526;Name=Amillepora32526;Alias=snap_masked-Sc0000160-processed-gene-3.32;	FALSE	TRUE	14242	rightOfWindowEnd	FALSE
Sc0000160	349000	349500	*	1.41750998070251e-5	0.0511392611486245	-20.5895787217596	Sc0000160	385908	398310	+	385908	ID=Amillepora32532;Name=Amillepora32532;Alias=maker-Sc0000160-snap-gene-4.60;	FALSE	FALSE	36408	rightOfWindowEnd	FALSE
chr3	5017000	5017500	*	1.76811761904007e-5	0.0580356970000245	15.3846153846154	chr3	4972682	4991228	+	4972682	ID=Amillepora22353;Name=Amillepora22353;Alias=maker-chr3-snap-gene-50.9;	FALSE	FALSE	44318	leftOfWindowStart	FALSE
chr3	5017000	5017500	*	1.76811761904007e-5	0.0580356970000245	15.3846153846154	chr3	4992546	4995591	-	4995591	ID=Amillepora22356;Name=Amillepora22356;Alias=snap_masked-chr3-processed-gene-50.5;	FALSE	FALSE	21409	leftOfWindowStart	FALSE
chr3	5017000	5017500	*	1.76811761904007e-5	0.0580356970000245	15.3846153846154	chr3	5004359	5008007	-	5008007	ID=Amillepora22357;Name=Amillepora22357;Alias=snap_masked-chr3-processed-gene-50.6;	FALSE	FALSE	8993	leftOfWindowStart	TRUE
chr3	5017000	5017500	*	1.76811761904007e-5	0.0580356970000245	15.3846153846154	chr3	5010224	5021932	-	5021932	ID=Amillepora22358;Name=Amillepora22358;Alias=maker-chr3-snap-gene-51.27;	FALSE	TRUE	4432	rightOfWindowEnd	TRUE
chr3	5017000	5017500	*	1.76811761904007e-5	0.0580356970000245	15.3846153846154	chr3	5022277	5033831	-	5033831	ID=Amillepora22359;Name=Amillepora22359;Alias=maker-chr3-snap-gene-51.29;	FALSE	FALSE	16331	rightOfWindowEnd	FALSE
xpSc0000535	39000	39500	*	1.77800334926824e-5	0.0580356970000245	-15.4502321825156	NA	NA	NA	NA	NA	NA	NA	NA	NA	NA	NA
xpSc0000616	30000	30500	*	2.75496733027491e-5	0.0858372305168933	-9.4521249359959	xpSc0000616	16480	19458	+	16480	ID=Amillepora36900;Name=Amillepora36900;Alias=maker-xpSc0000616-augustus-gene-0.36;	FALSE	FALSE	13520	leftOfWindowStart	FALSE
xpSc0000616	30000	30500	*	2.75496733027491e-5	0.0858372305168933	-9.4521249359959	xpSc0000616	24869	26887	+	24869	ID=Amillepora36902;Name=Amillepora36902;Alias=augustus_masked-xpSc0000616-processed-gene-0.12;	FALSE	FALSE	5131	leftOfWindowStart	TRUE
xpSc0000616	30000	30500	*	2.75496733027491e-5	0.0858372305168933	-9.4521249359959	xpSc0000616	11107	15021	-	15021	ID=Amillepora36899;Name=Amillepora36899;Alias=augustus_masked-xpSc0000616-processed-gene-0.21;	FALSE	FALSE	14979	leftOfWindowStart	FALSE
xpSc0000616	30000	30500	*	2.75496733027491e-5	0.0858372305168933	-9.4521249359959	xpSc0000616	56358	57896	+	56358	ID=Amillepora36916;Name=Amillepora36916;Alias=augustus_masked-xpSc0000616-processed-gene-0.15;	FALSE	FALSE	25858	rightOfWindowEnd	FALSE
xpSc0000616	30000	30500	*	2.75496733027491e-5	0.0858372305168933	-9.4521249359959	xpSc0000616	35348	36565	+	35348	ID=Amillepora36903;Name=Amillepora36903;Alias=augustus_masked-xpSc0000616-processed-gene-0.13;	FALSE	FALSE	4848	rightOfWindowEnd	TRUE
xpSc0000616	30000	30500	*	2.75496733027491e-5	0.0858372305168933	-9.4521249359959	xpSc0000616	67115	70372	+	67115	ID=Amillepora36917;Name=Amillepora36917;Alias=augustus_masked-xpSc0000616-processed-gene-0.16;	FALSE	FALSE	36615	rightOfWindowEnd	FALSE
xpSc0000616	30000	30500	*	2.75496733027491e-5	0.0858372305168933	-9.4521249359959	xpSc0000616	73577	79896	+	73577	ID=Amillepora36918;Name=Amillepora36918;Alias=augustus_masked-xpSc0000616-processed-gene-0.17;	FALSE	FALSE	43077	rightOfWindowEnd	FALSE
xpSc0000616	30000	30500	*	2.75496733027491e-5	0.0858372305168933	-9.4521249359959	xpSc0000616	53505	56323	+	53505	ID=Amillepora36915;Name=Amillepora36915;Alias=maker-xpSc0000616-augustus-gene-0.37;	FALSE	FALSE	23005	rightOfWindowEnd	FALSE
xpSc0000616	30000	30500	*	2.75496733027491e-5	0.0858372305168933	-9.4521249359959	xpSc0000616	16783	66396	-	66396	ID=Amillepora36901;Name=Amillepora36901;Alias=snap_masked-xpSc0000616-processed-gene-0.32;	FALSE	TRUE	35896	rightOfWindowEnd	FALSE
chr5	18725000	18725500	*	3.20312804743288e-5	0.0934474354350075	-13.0549345257106	chr5	18700924	18706090	-	18706090	ID=Amillepora07582;Name=Amillepora07582;Alias=maker-chr5-augustus-gene-187.14;	FALSE	FALSE	18910	leftOfWindowStart	FALSE
chr5	18725000	18725500	*	3.20312804743288e-5	0.0934474354350075	-13.0549345257106	chr5	18669646	18675890	-	18675890	ID=Amillepora07578;Name=Amillepora07578;Alias=maker-chr5-augustus-gene-187.11;	FALSE	FALSE	49110	leftOfWindowStart	FALSE
chr5	18725000	18725500	*	3.20312804743288e-5	0.0934474354350075	-13.0549345257106	chr5	18712612	18714492	-	18714492	ID=Amillepora07583;Name=Amillepora07583;Alias=maker-chr5-augustus-gene-187.15;	FALSE	FALSE	10508	leftOfWindowStart	TRUE
chr5	18725000	18725500	*	3.20312804743288e-5	0.0934474354350075	-13.0549345257106	chr5	18688055	18691677	-	18691677	ID=Amillepora07581;Name=Amillepora07581;Alias=maker-chr5-snap-gene-187.18;	FALSE	FALSE	33323	leftOfWindowStart	FALSE
chr5	18725000	18725500	*	3.20312804743288e-5	0.0934474354350075	-13.0549345257106	chr5	18683751	18684835	-	18684835	ID=Amillepora07580;Name=Amillepora07580;Alias=maker-chr5-snap-gene-187.20;	FALSE	FALSE	40165	leftOfWindowStart	FALSE
chr5	18725000	18725500	*	3.20312804743288e-5	0.0934474354350075	-13.0549345257106	chr5	18752606	18765523	-	18765523	ID=Amillepora07588;Name=Amillepora07588;Alias=maker-chr5-augustus-gene-187.17;	FALSE	FALSE	40023	rightOfWindowEnd	FALSE
chr5	18725000	18725500	*	3.20312804743288e-5	0.0934474354350075	-13.0549345257106	chr5	18722251	18734010	-	18734010	ID=Amillepora07584;Name=Amillepora07584;Alias=maker-chr5-snap-gene-187.26;	FALSE	TRUE	8510	rightOfWindowEnd	TRUE
chr5	18725000	18725500	*	3.20312804743288e-5	0.0934474354350075	-13.0549345257106	chr5	18734949	18741612	-	18741612	ID=Amillepora07585;Name=Amillepora07585;Alias=maker-chr5-snap-gene-187.25;	FALSE	FALSE	16112	rightOfWindowEnd	FALSE
chr7	11014000	11014500	*	3.27187500644451e-5	0.0934474354350075	-9.05191347753744	chr7	10990081	10993744	-	10993744	ID=Amillepora11782;Name=Amillepora11782;Alias=maker-chr7-augustus-gene-110.22;	FALSE	FALSE	20256	leftOfWindowStart	TRUE
chr7	11014000	11014500	*	3.27187500644451e-5	0.0934474354350075	-9.05191347753744	chr7	10966054	10967301	-	10967301	ID=Amillepora11780;Name=Amillepora11780;Alias=maker-chr7-snap-gene-110.26;	FALSE	FALSE	46699	leftOfWindowStart	FALSE
chr7	11014000	11014500	*	3.27187500644451e-5	0.0934474354350075	-9.05191347753744	chr7	11042390	11042674	+	11042390	ID=Amillepora11786;Name=Amillepora11786;Alias=augustus_masked-chr7-processed-gene-110.4;	FALSE	FALSE	27890	rightOfWindowEnd	FALSE
chr7	11014000	11014500	*	3.27187500644451e-5	0.0934474354350075	-9.05191347753744	chr7	11059001	11074153	+	11059001	ID=Amillepora11788;Name=Amillepora11788;Alias=maker-chr7-snap-gene-110.24;	FALSE	FALSE	44501	rightOfWindowEnd	FALSE
chr7	11014000	11014500	*	3.27187500644451e-5	0.0934474354350075	-9.05191347753744	chr7	11040557	11041435	-	11041435	ID=Amillepora11785;Name=Amillepora11785;Alias=snap_masked-chr7-processed-gene-110.17;	FALSE	FALSE	26935	rightOfWindowEnd	FALSE
chr7	11014000	11014500	*	3.27187500644451e-5	0.0934474354350075	-9.05191347753744	chr7	11023366	11033667	-	11033667	ID=Amillepora11784;Name=Amillepora11784;Alias=snap_masked-chr7-processed-gene-110.16;	FALSE	FALSE	19167	rightOfWindowEnd	FALSE
chr7	11014000	11014500	*	3.27187500644451e-5	0.0934474354350075	-9.05191347753744	chr7	11020861	11023320	-	11023320	ID=Amillepora11783;Name=Amillepora11783;Alias=augustus_masked-chr7-processed-gene-110.8;	FALSE	FALSE	8820	rightOfWindowEnd	TRUE
xpSc0000656	8500	9000	*	3.5031831809686e-5	0.0960516352662431	-19.7463538363982	xpSc0000656	2	2322	+	2	ID=Amillepora37408;Name=Amillepora37408;Alias=maker-xpSc0000656-augustus-gene-0.22;	FALSE	FALSE	8498	leftOfWindowStart	FALSE
xpSc0000656	8500	9000	*	3.5031831809686e-5	0.0960516352662431	-19.7463538363982	xpSc0000656	3393	8801	+	3393	ID=Amillepora37410;Name=Amillepora37410;Alias=snap_masked-xpSc0000656-processed-gene-0.12;	FALSE	FALSE	5107	leftOfWindowStart	TRUE
xpSc0000656	8500	9000	*	3.5031831809686e-5	0.0960516352662431	-19.7463538363982	xpSc0000656	2609	2890	-	2890	ID=Amillepora37409;Name=Amillepora37409;Alias=snap_masked-xpSc0000656-processed-gene-0.17;	FALSE	FALSE	5610	leftOfWindowStart	FALSE
xpSc0000656	8500	9000	*	3.5031831809686e-5	0.0960516352662431	-19.7463538363982	xpSc0000656	12470	13756	+	12470	ID=Amillepora37411;Name=Amillepora37411;Alias=augustus_masked-xpSc0000656-processed-gene-0.5;	FALSE	FALSE	3470	rightOfWindowEnd	TRUE
xpSc0000656	8500	9000	*	3.5031831809686e-5	0.0960516352662431	-19.7463538363982	xpSc0000656	44739	45197	+	44739	ID=Amillepora37417;Name=Amillepora37417;Alias=augustus_masked-xpSc0000656-processed-gene-0.7;	FALSE	FALSE	35739	rightOfWindowEnd	FALSE
xpSc0000656	8500	9000	*	3.5031831809686e-5	0.0960516352662431	-19.7463538363982	xpSc0000656	33977	42269	+	33977	ID=Amillepora37414;Name=Amillepora37414;Alias=maker-xpSc0000656-snap-gene-0.27;	FALSE	FALSE	24977	rightOfWindowEnd	FALSE
xpSc0000656	8500	9000	*	3.5031831809686e-5	0.0960516352662431	-19.7463538363982	xpSc0000656	19680	23541	-	23541	ID=Amillepora37412;Name=Amillepora37412;Alias=maker-xpSc0000656-augustus-gene-0.24;	FALSE	FALSE	14541	rightOfWindowEnd	FALSE
xpSc0000656	8500	9000	*	3.5031831809686e-5	0.0960516352662431	-19.7463538363982	xpSc0000656	35715	41608	-	41608	ID=Amillepora37415;Name=Amillepora37415;Alias=snap_masked-xpSc0000656-processed-gene-0.19;	FALSE	FALSE	32608	rightOfWindowEnd	FALSE
xpSc0000656	8500	9000	*	3.5031831809686e-5	0.0960516352662431	-19.7463538363982	xpSc0000656	41619	42761	-	42761	ID=Amillepora37416;Name=Amillepora37416;Alias=augustus_masked-xpSc0000656-processed-gene-0.9;	FALSE	FALSE	33761	rightOfWindowEnd	FALSE
xpSc0000656	8500	9000	*	3.5031831809686e-5	0.0960516352662431	-19.7463538363982	xpSc0000656	45959	47124	-	47124	ID=Amillepora37418;Name=Amillepora37418;Alias=maker-xpSc0000656-augustus-gene-0.25;	FALSE	FALSE	38124	rightOfWindowEnd	FALSE
