chr	start	end	strand	pvalue	qvalue	meth.diff
NW_018385777.1	210222	211222	*	1.75049167392092e-20	3.05572192023906e-16	-4.56840800070812
NW_018384103.1	283211	284211	*	4.86381100999236e-20	4.2452226824488e-16	-10.5120172570336
NW_018384957.1	175160	176160	*	3.98200842978707e-19	2.31704623844762e-15	-6.38112692259803
NW_018385723.1	314431	315431	*	6.69183839551051e-18	2.92037911069529e-14	-2.44248362281246
NW_018388052.1	3766	4766	*	4.6034121912054e-15	1.60717674355502e-11	4.07275979293384
NW_018388101.1	33050	34050	*	7.35464380129243e-15	2.13975561018814e-11	-4.35580342833729
NW_018388180.1	378074	379074	*	9.14063764087623e-15	2.27946135039098e-11	6.64753371259192
NW_018384102.1	229612	230612	*	1.31395248731901e-14	2.86710405244315e-11	-6.0786153792877
NW_018384422.1	374567	375567	*	2.96619217510217e-14	5.75321435821334e-11	1.61739350319885
NW_018387401.1	98883	99883	*	1.67639268132264e-13	2.92637202425068e-10	-8.07746912060388
NW_018386199.1	72904	73904	*	1.54817613808498e-12	2.45686596723205e-09	-5.28094986159081
NW_018385591.1	235011	236011	*	3.6906950421919e-12	5.3688428939522e-09	-3.88969968363897
NW_018385493.1	52594	53594	*	4.07877430347697e-12	5.40631364485227e-09	-9.20194706917004
NW_018384103.1	439826	440826	*	4.33586241697348e-12	5.40631364485227e-09	-2.74922192029819
NW_018388067.1	15915	16915	*	8.15305679171756e-12	9.48818160694308e-09	1.18052879047436
NW_018384102.1	116113	117113	*	1.58695581069886e-11	1.73140485664998e-08	-4.20205261232706
NW_018388402.1	306489	307489	*	5.72799238055827e-11	5.88175987654974e-08	1.59492419255981
NW_018385591.1	236380	237380	*	6.22499934079253e-11	6.03699178494436e-08	-3.7222955105997
NW_018384125.1	411964	412964	*	1.12640852577413e-10	1.03489456994808e-07	-5.3106430733672
NW_018385777.1	211001	212001	*	1.35104383170868e-10	1.17921562074864e-07	-3.30315588798302
NW_018385146.1	3763	4763	*	1.44477544390984e-10	1.20097740579899e-07	5.16440437007549
NW_018384101.1	463504	464504	*	2.54442438526503e-10	2.01892715065534e-07	7.61713155675572
NW_018384102.1	657874	658874	*	3.28720141242409e-10	2.49489492179318e-07	-4.01697837459396
NW_018386934.1	780049	781049	*	1.91748026368314e-09	1.38086295862736e-06	1.44625570090957
NW_018388114.1	113198	114198	*	1.97759250923094e-09	1.38086295862736e-06	-8.7321312291396
NW_018384241.1	3525	4525	*	2.50534037211294e-09	1.68208202186408e-06	2.80697732049498
NW_018386533.1	10337	11337	*	3.76050097043224e-09	2.43128416276902e-06	-0.632698246433534
NW_018384495.1	79041	80041	*	4.15879311750864e-09	2.59276446241562e-06	-3.42066861538547
NW_018388114.1	113075	114075	*	5.06062805847525e-09	3.03245592438516e-06	-5.95938103397505
NW_018386209.1	222378	223378	*	5.21149075641652e-09	3.03245592438516e-06	1.85566062516417
NW_018388145.1	31371	32371	*	8.22880266679136e-09	4.63370876268997e-06	-3.64213378975895
NW_018386209.1	222501	223501	*	8.91040466789306e-09	4.76059611288306e-06	1.72774534461995
NW_018387993.1	52973	53973	*	8.99956457127668e-09	4.76059611288306e-06	-0.789730334594094
NW_018384599.1	278355	279355	*	1.25301658896972e-08	6.43326859395632e-06	2.29678907603964
NW_018385896.1	108077	109077	*	1.48993864944302e-08	7.43111738872857e-06	0.856781130303218
NW_018384847.1	197893	198893	*	2.03312008321882e-08	9.85857874696155e-06	-1.20947140862844
NW_018384881.1	1396	2396	*	2.74125627537013e-08	1.29330719900878e-05	-1.51872385357155
NW_018385916.1	1259480	1260480	*	2.8412181100143e-08	1.30519306575346e-05	1.913015261568
NW_018387896.1	98691	99691	*	3.02338558596953e-08	1.35326456927242e-05	-3.06604517505874
NW_018388125.1	321860	322860	*	3.44476298354354e-08	1.50332588204553e-05	1.75737278969819
NW_018384631.1	13013	14013	*	4.58350196572501e-08	1.95149456199228e-05	-0.628954583866885
NW_018384631.1	616606	617606	*	4.70021795281501e-08	1.95354080367866e-05	5.44176508375747
NW_018387933.1	105500	106500	*	4.89909982486498e-08	1.98884809380671e-05	1.70150963070937
NW_018385002.1	17238	18238	*	5.40561255164307e-08	2.14459859951757e-05	-6.97798568048281
NW_018388325.1	317063	318063	*	6.11767540955999e-08	2.37316370130042e-05	6.54832880430946
NW_018385591.1	234537	235537	*	6.67459331008557e-08	2.53291582490639e-05	-3.09798165429565
NW_018388258.1	298984	299984	*	8.23576816159951e-08	3.05886306071633e-05	-7.63169434329183
NW_018388046.1	42787	43787	*	9.3292148478401e-08	3.39279514220125e-05	-3.03251154544062
NW_018385192.1	1486730	1487730	*	1.00372886328599e-07	3.57580735302739e-05	-0.817859163055211
NW_018384495.1	236925	237925	*	1.16077937258141e-07	4.05259736587424e-05	-5.96690256074962
NW_018388210.1	18210	19210	*	1.2767932196923e-07	4.37022877086123e-05	2.91745664818176
NW_018388247.1	491032	492032	*	1.80154247958122e-07	6.01325439142473e-05	-2.28102583508433
NW_018386199.1	186786	187786	*	1.82570946266046e-07	6.01325439142473e-05	1.42689529861853
NW_018388147.1	386339	387339	*	2.71084442386191e-07	8.76323815269302e-05	8.48240395280831
NW_018387993.1	53116	54116	*	2.83068151770611e-07	8.9842556203294e-05	-0.690603627713351
NW_018385438.1	310239	311239	*	3.50569785746722e-07	0.00010927988678423	-2.47954867019858
NW_018387576.1	14225	15225	*	3.65120412834904e-07	0.000111818854342198	-4.25154174004875
NW_018386841.1	193398	194398	*	4.48758251056613e-07	0.000135063572676945	-3.83946708393693
NW_018385099.1	992171	993171	*	4.66038549778612e-07	0.0001376569320324	2.32998787936072
NW_018384973.1	274257	275257	*	4.73146417776189e-07	0.0001376569320324	3.23835109731449
NW_018384223.1	425961	426961	*	4.96373082604966e-07	0.000142047033266476	-1.13889223233064
NW_018384423.1	257954	258954	*	5.70658340562238e-07	0.000160671282338359	4.54746177063748
NW_018384949.1	296076	297076	*	6.22460306235759e-07	0.000172474499283392	1.11098580410121
NW_018386840.1	778958	779958	*	6.56012130237302e-07	0.000178931035863873	-2.48544820053466
NW_018385258.1	67954	68954	*	6.83237578653846e-07	0.000183489901892464	-10.1792252647358
NW_018387892.1	369996	370996	*	8.03528859133346e-07	0.000212525635717335	-6.48054841478711
NW_018388391.1	18197	19197	*	8.35366396963e-07	0.000215156087184042	5.81501514343853
NW_018388092.1	369926	370926	*	8.44787725183978e-07	0.000215156087184042	2.10366999216909
NW_018388147.1	521175	522175	*	8.50450318574564e-07	0.000215156087184042	3.76388239261201
NW_018384385.1	82950	83950	*	8.94479170027741e-07	0.000223062195102243	4.07684635444383
NW_018388192.1	240096	241096	*	9.28313418952278e-07	0.000228239107179535	2.78639538038602
NW_018385777.1	82636	83636	*	9.41989851782181e-07	0.00022838496381214	-1.98239316215927
NW_018384103.1	288773	289773	*	1.0072791429851e-06	0.000240868917853049	-4.2176733419466
NW_018385002.1	1008203	1009203	*	1.07814786667862e-06	0.000251436100917461	-6.85006922073717
NW_018388087.1	19264	20264	*	1.08027696727896e-06	0.000251436100917461	-0.355579822039465
NW_018384223.1	425551	426551	*	1.14149089152318e-06	0.00026218789592139	-0.909205670616459
NW_018387216.1	465677	466677	*	1.19079084845591e-06	0.000269903387995953	0.649977885990494
NW_018385398.1	198304	199304	*	1.20600513957154e-06	0.000269903387995953	8.69279099013783
NW_018387958.1	122520	123520	*	1.25538276370416e-06	0.00027739769653219	1.53021721086704
NW_018387216.1	465724	466724	*	1.28176590381112e-06	0.00027968714642024	0.648413284409446
NW_018388325.1	600383	601383	*	1.35272454011994e-06	0.000291526561384771	1.93440909197094
NW_018385238.1	242267	243267	*	1.42533158348972e-06	0.000303428127119398	7.64816890091766
NW_018386269.1	89563	90563	*	1.49090300520611e-06	0.000313563192836448	3.77223928535831
NW_018388033.1	66074	67074	*	1.69503215966074e-06	0.000352251163742485	6.61780031959981
NW_018385635.1	0	972	*	1.83778163319808e-06	0.000373695637365872	-1.25541803288683
NW_018386199.1	187318	188318	*	1.84103777183686e-06	0.000373695637365872	0.658759719317617
NW_018385444.1	775677	776677	*	1.88886311673694e-06	0.000378996338219255	0.69326127377349
NW_018387941.1	88936	89936	*	1.9700372722528e-06	0.00039079189774585	-0.957012266661969
NW_018385098.1	676848	677848	*	2.00983884303786e-06	0.000391940423135785	3.68190398004098
NW_018385398.1	258810	259810	*	2.02073231384453e-06	0.000391940423135785	0.850729235888653
NW_018386269.1	89548	90548	*	2.11408318588259e-06	0.000405540712640536	4.03604598235471
NW_018388172.1	37157	38157	*	2.25417319558459e-06	0.000427713771755093	0.660169526789708
NW_018384102.1	364638	365638	*	2.30113272229041e-06	0.000431929135224051	-1.99674824096656
NW_018384125.1	431480	432480	*	2.57092760704109e-06	0.000477436672247613	8.05383058382295
NW_018385813.1	260992	261992	*	2.60719261901856e-06	0.00047907476239612	-0.709342988832258
NW_018385287.1	36090	37090	*	2.76365984499665e-06	0.000502535950223729	-2.69790648010853
NW_018387895.1	58976	59976	*	2.84334409571515e-06	0.000511695345135168	1.97160328784353
NW_018386163.1	158279	159279	*	2.97104479094275e-06	0.000529220798475722	0.614566284779051
NW_018387793.1	437664	438664	*	3.05607616630388e-06	0.000538078315308108	0.407719488991574
NW_018385752.1	379827	380827	*	3.08241926277949e-06	0.000538078315308108	1.37209491588481
NW_018385157.1	171416	172416	*	3.15019058435812e-06	0.000544464082815883	2.97072988123996
NW_018384452.1	253452	254452	*	3.387458100575e-06	0.000579732356927283	5.51963716193037
NW_018386934.1	415437	416437	*	3.46917314313568e-06	0.000582334508669212	-1.03462780952814
NW_018384394.1	255631	256631	*	3.47033761351329e-06	0.000582334508669212	8.19848975188781
NW_018385752.1	379812	380812	*	3.5027411598424e-06	0.000582334508669212	1.39521782975623
NW_018386899.1	110114	111114	*	3.64274559669706e-06	0.000594595759431136	0.225090036014406
NW_018384214.1	446463	447463	*	3.64461623190525e-06	0.000594595759431136	-1.10602068375614
NW_018386142.1	67477	68477	*	4.79996601638069e-06	0.00077583289096416	-0.713007881060436
NW_018384854.1	38248	39248	*	4.92408648365882e-06	0.000788593066382124	0.770311874957518
NW_018388369.1	475840	476840	*	5.00378840411297e-06	0.000794072272196506	6.17706496410912
NW_018386220.1	27651	28651	*	5.05773849025641e-06	0.000794917871022031	-6.74568335915645
NW_018385051.1	370228	371228	*	5.10019173575222e-06	0.000794917871022031	-3.43931211361487
NW_018385785.1	81148	82148	*	5.46084466539613e-06	0.000843597258768597	0.946562104259758
NW_018384689.1	194259	195259	*	5.98328698108294e-06	0.000916196783179862	-2.74797661969233
NW_018387122.1	52536	53536	*	6.79238697948448e-06	0.00103104675715463	-4.20014926593874
NW_018385463.1	170076	171076	*	7.37852018930886e-06	0.00111036320278299	-1.61503670458894
NW_018384422.1	422911	423911	*	7.87064434554739e-06	0.00117429769015696	3.1853332777986
NW_018384854.1	38300	39300	*	8.52309426018429e-06	0.00125551828050501	0.845270656591411
NW_018385837.1	197747	198747	*	8.55886589512059e-06	0.00125551828050501	0.953358313157025
NW_018388133.1	4802	5802	*	8.92905942151496e-06	0.0012989075682722	-4.51629569552024
NW_018388314.1	304233	305233	*	9.38160159404914e-06	0.0013534599084067	-2.18049661076364
NW_018385674.1	47459	48459	*	1.04553386241903e-05	0.00149600158168184	-4.79301344758565
NW_018386934.1	349141	350141	*	1.10368627758116e-05	0.00156636983755458	0.512292320927003
NW_018387928.1	46348	47348	*	1.1144223195643e-05	0.00156885171409631	-1.06799506215943
NW_018385916.1	1115300	1116300	*	1.16292527153977e-05	0.00162403571375321	5.06913487180504
NW_018384102.1	115105	116105	*	1.17946778815436e-05	0.00163406496884128	0.708172422042446
NW_018387597.1	128898	129898	*	1.19857183332592e-05	0.00164194875816313	1.80030328519146
NW_018384631.1	148822	149822	*	1.20397034240896e-05	0.00164194875816313	-0.945132108276724
NW_018387871.1	71925	72925	*	1.21712250302546e-05	0.00164701806223362	-0.666892986625696
NW_018387216.1	560139	561139	*	1.24463733427192e-05	0.0016624706053446	0.86958266050169
NW_018384915.1	391513	392513	*	1.24758886694176e-05	0.0016624706053446	-1.95335581813346
NW_018385343.1	25857	26857	*	1.28668334210903e-05	0.00170157668975052	-1.87290920637194
NW_018388302.1	540814	541814	*	1.36683503344931e-05	0.0017845597549164	3.3071835102292
NW_018387457.1	140022	141022	*	1.36987869948274e-05	0.0017845597549164	-5.62354035907167
NW_018385745.1	92111	93111	*	1.3997195313215e-05	0.00180992689834583	-1.46750051962049
NW_018387697.1	428396	429396	*	1.4333287391299e-05	0.00183975791769868	3.09609880232531
NW_018385883.1	13440	14440	*	1.50583881265553e-05	0.00191872043003394	-0.560476113999365
NW_018386473.1	537294	538294	*	1.56601010705377e-05	0.00198093057151822	-6.85699428553045
NW_018384827.1	238608	239608	*	1.60579570894152e-05	0.00201664415978385	-5.6616261574898
NW_018384557.1	370573	371573	*	1.65741913479722e-05	0.00206660793677768	-1.31336155432541
NW_018385635.1	0	217	*	1.87993329713062e-05	0.00232743257069647	-5.13679793020555
NW_018387992.1	375006	376006	*	1.92217691215066e-05	0.00236297317971299	4.56007564683828
NW_018388140.1	18341	19341	*	2.00400319453935e-05	0.00244633625820372	-2.41155246461324
NW_018384930.1	406604	407604	*	2.15956582042334e-05	0.00258207393139086	-8.0145682428583
NW_018387697.1	212081	213081	*	2.16041993950471e-05	0.00258207393139086	3.14556905679879
NW_018387236.1	15632	16632	*	2.17761380705529e-05	0.00258207393139086	-1.40591563711426
NW_018384872.1	206474	207474	*	2.18511737554762e-05	0.00258207393139086	2.55293280923111
NW_018385334.1	1876	2876	*	2.19342040888825e-05	0.00258207393139086	0.285915142626792
NW_018387113.1	120520	121520	*	2.2039470750701e-05	0.00258207393139086	-3.09334700773287
NW_018385454.1	310477	311477	*	2.22097947555971e-05	0.0025846816902847	5.16138594736871
NW_018386220.1	128242	129242	*	2.24000457973453e-05	0.00258955857556066	0.654281326634563
NW_018387895.1	95456	96456	*	2.26999103963351e-05	0.00260002839486456	-2.20082196898935
NW_018387400.1	206396	207396	*	2.29505323179773e-05	0.00260002839486456	3.49118235716174
NW_018384430.1	225386	226386	*	2.30153045099993e-05	0.00260002839486456	-1.43625917484857
NW_018386269.1	65144	66144	*	2.31665658944128e-05	0.00260002839486456	8.13320293559283
NW_018388018.1	6426	7426	*	2.32353334318695e-05	0.00260002839486456	1.40404008518588
NW_018385340.1	2452	3452	*	2.42701572675931e-05	0.00269852669283337	2.85035629453682
NW_018384102.1	616248	617248	*	2.51818863782408e-05	0.00278217826372256	-3.60146937276791
NW_018388005.1	42628	43628	*	2.54371060220459e-05	0.0027927004564627	3.48233593395351
NW_018388369.1	374925	375925	*	2.56417688192857e-05	0.00279757525493139	6.60254485746797
NW_018385538.1	295769	296769	*	2.62475853599751e-05	0.0028458844386349	-2.0339179199838
NW_018384101.1	804578	805578	*	2.72263050587161e-05	0.00293377951592294	-1.72778246789685
NW_018386134.1	227834	228834	*	2.76131601520987e-05	0.00295721082677413	1.34454033321347
NW_018384202.1	32760	33760	*	2.8387172515115e-05	0.00302156589043924	0.390039406591626
NW_018384590.1	46117	47117	*	2.87110842902399e-05	0.00303752198645282	-0.710537773948953
NW_018388036.1	582310	583310	*	2.93650498715166e-05	0.00308799390817559	7.1330156548065
NW_018384300.1	77384	78384	*	3.01490033161208e-05	0.00311913261857053	0.808732196599618
NW_018384268.1	4614	5614	*	3.01834233108677e-05	0.00311913261857053	1.39520867599535
NW_018386260.1	100758	101758	*	3.01972062176993e-05	0.00311913261857053	-1.96696240451938
NW_018384652.1	441650	442650	*	3.19202667193206e-05	0.00327771637189516	-3.07102975684817
NW_018384245.1	302639	303639	*	3.31421842149078e-05	0.00336925054936204	-0.69894089143287
NW_018384609.1	395658	396658	*	3.31976983615924e-05	0.00336925054936204	-0.963904840032814
NW_018384651.1	5014	6014	*	3.37533414887033e-05	0.00340584163565991	-1.59721991803581
NW_018385785.1	274272	275272	*	3.4876627375831e-05	0.00349896028668082	2.45066309220784
NW_018385673.1	299747	300747	*	3.52066522992419e-05	0.00351188642831192	-0.357044767920901
NW_018385367.1	413799	414799	*	3.62135825344031e-05	0.00358088400025935	-1.17216279604895
NW_018388207.1	24792	25792	*	3.63086196672479e-05	0.00358088400025935	-1.38812644142351
NW_018388203.1	175004	176004	*	3.66912779965819e-05	0.00359829376961372	-0.365555654879389
NW_018385090.1	37576	38576	*	3.70778128697676e-05	0.00360073597573309	-5.47074070634324
NW_018384854.1	256746	257746	*	3.71287221745209e-05	0.00360073597573309	-1.33242352872121
NW_018387995.1	32395	33395	*	3.74864818209062e-05	0.00361534617742361	-2.13371266002845
NW_018387783.1	11360	12360	*	4.06238016084144e-05	0.00389639479762624	-0.355923140057949
NW_018384827.1	977932	978932	*	4.08847017444811e-05	0.00389999027768269	0.691944784204089
NW_018384728.1	705023	706023	*	4.13233941590169e-05	0.00391749197894495	1.54871839668555
NW_018385296.1	11613	12613	*	4.15170095675084e-05	0.00391749197894495	-8.60217056862936
NW_018385493.1	33258	34258	*	4.30473166790684e-05	0.00401247952848039	-3.74598729892878
NW_018387936.1	52906	53906	*	4.31751277665165e-05	0.00401247952848039	-0.494547544984517
NW_018384700.1	32428	33428	*	4.32132468747913e-05	0.00401247952848039	-7.84888675197035
NW_018386006.1	397794	398794	*	4.48223521153934e-05	0.00413986919345736	-0.395979287237283
NW_018384361.1	10399	11399	*	4.56961908257814e-05	0.00419708717917866	0.321731500438725
NW_018384334.1	178247	179247	*	4.59227172349462e-05	0.00419708717917866	0.753745090362013
NW_018385697.1	225337	226337	*	4.80580277895594e-05	0.00436936671219281	-6.53676884888909
NW_018388092.1	505043	506043	*	4.85810373828102e-05	0.00439403240614565	-2.97989649924172
NW_018385752.1	406443	407443	*	4.97657318016645e-05	0.00447798304618352	-5.55384678601599
NW_018385002.1	81106	82106	*	5.25933063982693e-05	0.00470814298116349	-4.27232342125959
NW_018388280.1	25518	26518	*	5.3231302663922e-05	0.00474094375580998	-4.20559032429754
NW_018387129.1	112282	113282	*	5.40838701567243e-05	0.00479242489501349	-2.86094098656412
NW_018388147.1	301092	302092	*	5.56513838350083e-05	0.004906418146923	-0.775493839891368
NW_018385836.1	494330	495330	*	5.67613947983716e-05	0.00497115649873103	9.00537365908228
NW_018385706.1	179871	180871	*	5.69552353776078e-05	0.00497115649873103	-3.40618159530689
NW_018388025.1	150509	151509	*	5.90999790428318e-05	0.00513269017449325	-1.96648437834729
NW_018387529.1	129212	130212	*	5.94633039498646e-05	0.00513867849885374	-4.63208983752603
NW_018384289.1	185576	186576	*	6.09254317975497e-05	0.00522010354141757	-1.10867913307784
NW_018384463.1	439417	440417	*	6.1003605598068e-05	0.00522010354141757	-0.642609985170539
NW_018386055.1	46515	47515	*	6.16462203333658e-05	0.00523890204206918	2.80000761338453
NW_018387697.1	634055	635055	*	6.18416626411368e-05	0.00523890204206918	-4.67196623802635
NW_018384981.1	88620	89620	*	6.21236326934252e-05	0.00523890204206918	-4.84360506028479
NW_018388004.1	19935	20935	*	6.56760496947759e-05	0.00551185098880721	-2.14022883396616
NW_018386646.1	91516	92516	*	6.9632087113132e-05	0.00581589968136739	-0.539509356084825
NW_018388203.1	175102	176102	*	7.15911709226944e-05	0.00595105482276008	-0.35315902846653
NW_018387958.1	619679	620679	*	7.23274803478019e-05	0.00598376681447003	0.337553438906696
NW_018385610.1	276842	277842	*	7.33820031513444e-05	0.00604237231780496	-2.20679106901052
NW_018384599.1	206898	207898	*	7.43544066812588e-05	0.00609369746945596	6.17081196829958
NW_018386076.1	257336	258336	*	7.73554844035805e-05	0.00630523518354767	1.86864868485993
NW_018384322.1	301603	302603	*	7.76579585933248e-05	0.00630523518354767	3.1834496415925
NW_018388114.1	163058	164058	*	8.02594702279123e-05	0.00648628934055713	3.80195626649907
NW_018387881.1	809751	810751	*	8.29330627798154e-05	0.00666644620234955	-0.566909650091326
NW_018385412.1	100411	101411	*	8.32524632498396e-05	0.00666644620234955	-8.48002967152692
NW_018385321.1	72010	73010	*	8.37045212434835e-05	0.0066720390905661	-2.5289139405371
NW_018385391.1	45290	46290	*	8.52807188279467e-05	0.00676677835923238	-3.04519132889279
NW_018384827.1	1029657	1030657	*	8.62948224740024e-05	0.00679045539330561	4.35948020157336
NW_018384102.1	379612	380612	*	8.6357109001418e-05	0.00679045539330561	-0.630215986672121
NW_018388080.1	128703	129703	*	8.92291509921366e-05	0.00698482738422751	-5.64107142857143
NW_018386199.1	539333	540333	*	8.9870414529777e-05	0.00700361891152914	1.13559925211696
NW_018388065.1	2626	3626	*	9.42890717357329e-05	0.00731530810290726	-0.97277853619833
NW_018385023.1	396982	397982	*	9.49056403453381e-05	0.00733056357969101	0.69060773480663
NW_018386561.1	396439	397439	*	9.53655810409573e-05	0.00733363991649365	1.12215169135789
NW_018384101.1	1257924	1258924	*	9.91789330923071e-05	0.0075934364961662	-0.483662851247597
NW_018384796.1	34589	35589	*	9.9814149933203e-05	0.00760869911479701	-4.99657946466457
NW_018386636.1	118384	119384	*	0.000100993610960756	0.00766513564295828	-3.30655989679272
NW_018387498.1	131363	132363	*	0.00010143608805196	0.00766539064452472	0.318820321648701
NW_018386818.1	24380	25380	*	0.000103546228564341	0.00776233782794568	-3.81500266885751
NW_018385287.1	385398	386398	*	0.000103903950935579	0.00776233782794568	0.844036697247706
NW_018385591.1	40024	41024	*	0.000104073619489485	0.00776233782794568	-0.51330154351601
NW_018388103.1	81681	82681	*	0.000104497673602956	0.00776233782794568	-1.30960320598703
NW_018384992.1	345480	346480	*	0.000105701431080332	0.00781848566873857	10.6801141731492
NW_018387529.1	125567	126567	*	0.000107654849238238	0.00792937635240756	-4.65456700737775
NW_018384101.1	1540878	1541878	*	0.000108447441943958	0.00795419320171077	1.15351185640629
NW_018387794.1	287388	288388	*	0.000115398330564586	0.00842859925257203	-1.7763567354487
NW_018384191.1	189971	190971	*	0.000119160265647466	0.00866710386728275	0.740033241176085
NW_018388158.1	264678	265678	*	0.000120141780243631	0.00870223487075896	-9.7403034278602
NW_018384267.1	122929	123929	*	0.000123365288638672	0.00889879891975873	-4.42138348891203
NW_018388158.1	513528	514528	*	0.000124710111141601	0.00895878621077825	-0.83111063693588
NW_018384854.1	249809	250809	*	0.00013094046626027	0.00936780489243555	-0.323749285607435
NW_018385916.1	1165726	1166726	*	0.000132052360797644	0.00940879195560806	0.690397280573141
NW_018387984.1	49804	50804	*	0.000132941267262715	0.00940898207607928	2.87651551548376
NW_018384147.1	650820	651820	*	0.000133625408202346	0.00940898207607928	-6.52036493605624
NW_018385821.1	170094	171094	*	0.000133672029494554	0.00940898207607928	0.314267756128221
NW_018384631.1	644403	645403	*	0.000138560703158945	0.00971391975924813	0.246791707798618
NW_018387793.1	424399	425399	*	0.000139609586733497	0.00971827048220056	1.80815900263122
NW_018387529.1	129904	130904	*	0.000139736198319736	0.00971827048220056	-5.07249081598374
NW_018385578.1	37069	38069	*	0.000141539860227801	0.00980464789355786	-2.83932389674601
NW_018385571.1	247262	248262	*	0.000145172501518678	0.0100165374565636	2.76041231450479
NW_018387892.1	713911	714911	*	0.000149338026864785	0.0102633815027116	-1.02219829949264
NW_018386473.1	580470	581470	*	0.000150309306027543	0.0102896231527304	1.27183311745841
NW_018387256.1	75219	76219	*	0.000151657304761065	0.010341347890703	-1.99653921150841
NW_018384169.1	497248	498248	*	0.000153435754780074	0.0103867377656242	6.59481738245088
NW_018388147.1	300592	301592	*	0.000153512976663064	0.0103867377656242	-0.995210751308312
NW_018388402.1	373511	374511	*	0.000157876614656205	0.0106407397494856	0.410670080238712
NW_018387990.1	41091	42091	*	0.000169330779185862	0.0113324549284435	-2.71055599516907
NW_018388036.1	478112	479112	*	0.000169437965313828	0.0113324549284435	-1.29686243498026
NW_018387890.1	73914	74914	*	0.000171500087381732	0.0114158332912867	-1.22110608656643
NW_018384125.1	169640	170640	*	0.000171992530526468	0.0114158332912867	0.30469677479748
NW_018388103.1	564702	565702	*	0.00017322479906061	0.0114540722849926	-6.21306655192198
NW_018384785.1	183160	184160	*	0.000174011933550871	0.0114627003363425	0.28845616430097
NW_018384422.1	1046246	1047246	*	0.00017540232162844	0.0115108522895055	0.27124773960217
NW_018388180.1	350511	351511	*	0.000182966904199646	0.0119603010541842	-0.363604263169881
NW_018385110.1	158714	159714	*	0.000183621328547729	0.0119603010541842	3.4581990522401
NW_018388191.1	1144945	1145945	*	0.000186593711583625	0.0121087274411246	-0.197557471264368
NW_018384101.1	987665	988665	*	0.000187294206584617	0.0121091695449085	6.04296265543495
NW_018387567.1	125870	126870	*	0.000193590952618505	0.0124700888030209	0.340785656996296
NW_018384914.1	253534	254534	*	0.000195333244461657	0.0125360593587993	-0.35799522673031
NW_018384101.1	963522	964522	*	0.000198974947815907	0.0127230001597104	-0.55471072311399
NW_018388191.1	385286	386286	*	0.000200002671238695	0.0127342630342992	0.265181649429859
NW_018384300.1	7515	8515	*	0.000200610070194538	0.0127342630342992	-4.75373751368746
NW_018384322.1	77313	78313	*	0.000204886172254496	0.012958577996149	0.4171062192648
NW_018384441.1	105511	106511	*	0.000205893864586666	0.0129753002553107	-2.10391380220289
NW_018384914.1	600146	601146	*	0.000208367522915424	0.0130839541367625	-4.26648898781631
NW_018384631.1	102282	103282	*	0.000210182035612646	0.013150587969482	0.74769460116171
NW_018386142.1	149311	150311	*	0.000214316157289099	0.0133494278022351	3.91248336017583
NW_018386839.1	1186958	1187958	*	0.000214889497639354	0.0133494278022351	0.74883106705188
NW_018385697.1	261672	262672	*	0.000215756892529286	0.0133557828831314	-9.0152161342235
NW_018385752.1	718709	719709	*	0.000218504079181556	0.0134780447428341	-1.01151280713669
NW_018387881.1	43692	44692	*	0.00022366670581413	0.0137479132043628	4.85473080104877
NW_018385936.1	85924	86924	*	0.000225241092634604	0.0137961067329176	-0.779226077363245
NW_018385444.1	39998	40998	*	0.000230032105606861	0.0140402939982929	-1.77608925836384
NW_018387870.1	766522	767522	*	0.00023389720342956	0.0141736403569479	-7.64223151582104
NW_018385988.1	176815	177815	*	0.000234073169631203	0.0141736403569479	0.842131096452319
NW_018388014.1	230205	231205	*	0.000234652654383592	0.0141736403569479	-0.538851003205003
NW_018388169.1	544683	545683	*	0.00024153703946651	0.014532979951571	-6.36816567793546
NW_018388325.1	149397	150397	*	0.000242266789006242	0.014532979951571	-0.312305959666864
NW_018386367.1	94567	95567	*	0.000244195837669494	0.0145985319891956	1.90578349870385
NW_018385287.1	36645	37645	*	0.000247289524088614	0.0147330233991609	-2.86076326774001
NW_018388147.1	238052	239052	*	0.000252196646563867	0.0149742733683345	4.23555612544456
NW_018384590.1	60270	61270	*	0.000256098222148404	0.0151543853981315	6.82819503215863
NW_018387981.1	463624	464624	*	0.000263693947514317	0.0155511399882368	5.77159554429365
NW_018386561.1	874440	875440	*	0.000266270704715028	0.0156502297886072	-4.64968562561307
NW_018384114.1	27267	28267	*	0.000269821860810099	0.0158057332863805	-0.337032718699901
NW_018385176.1	248487	249487	*	0.000285915579953316	0.0166924626520632	1.06867762258883
NW_018387881.1	718948	719948	*	0.000287523960028098	0.0167112297815156	-0.282738836727576
NW_018384949.1	268174	269174	*	0.000288151660278086	0.0167112297815156	-0.538968821201643
NW_018387926.1	74516	75516	*	0.000292791077011801	0.0168851207557295	-0.638798652658803
NW_018385098.1	424052	425052	*	0.000293084613471755	0.0168851207557295	-4.99506884963307
NW_018387990.1	58047	59047	*	0.000294962717894498	0.0169374225747911	-0.240784259524455
NW_018387897.1	69350	70350	*	0.000298793996027938	0.0171011693345111	-0.184877056757256
NW_018387586.1	139881	140881	*	0.000301952299988909	0.0172254547367411	-3.46470196441089
NW_018385051.1	342016	343016	*	0.000323613486008208	0.0182844977019025	-0.421473482897607
NW_018384180.1	437700	438700	*	0.000324487979056341	0.0182844977019025	-0.9762870936192
NW_018384914.1	97610	98610	*	0.000325244573116738	0.0182844977019025	4.19414237958848
NW_018385753.1	22650	23650	*	0.000325622193220052	0.0182844977019025	-0.470235315497594
NW_018387999.1	64476	65476	*	0.000325753914374588	0.0182844977019025	-9.07221639107318
NW_018385582.1	139096	140096	*	0.000327659153807821	0.018332491466835	0.755357828286047
NW_018385620.1	5071	6071	*	0.000330237194511067	0.0184177014493218	-0.512990479410896
NW_018388302.1	218896	219896	*	0.000334444232847681	0.0185464484743189	2.46806990036737
NW_018388036.1	227184	228184	*	0.000334670575791663	0.0185464484743189	-1.05432312618164
NW_018384515.1	23171	24171	*	0.000339536101586519	0.0186803259268788	-4.93421052631579
NW_018387882.1	59760	60760	*	0.000339601651690719	0.0186803259268788	0.33937176650349
NW_018386934.1	262431	263431	*	0.000340296740403198	0.0186803259268788	0.782582521427525
NW_018384631.1	1139153	1140153	*	0.000343746027092838	0.0188105192711219	-1.67502452730275
NW_018388025.1	32287	33287	*	0.000345905724866424	0.0188695503661508	-3.23332862231673
NW_018384213.1	728366	729366	*	0.000357720126479208	0.0193953115985232	-2.03171860527297
NW_018385238.1	150500	151500	*	0.000357765824820171	0.0193953115985232	0.452601612959097
NW_018384887.1	149719	150719	*	0.000360065008331604	0.0194595223472656	0.563976383601673
NW_018384413.1	293204	294204	*	0.000361999865043192	0.0195037076558905	5.79673609558645
NW_018386251.1	59766	60766	*	0.000365498917058165	0.0196316369380445	5.51233760336749
NW_018388336.1	71353	72353	*	0.000373988566899752	0.0199775378263092	0.16772269847186
NW_018388391.1	492365	493365	*	0.000374227703162349	0.0199775378263092	7.24476121754753
NW_018387085.1	129068	130068	*	0.000385401560528245	0.0205113103250093	1.25
NW_018385420.1	316249	317249	*	0.00039217771763562	0.0207495258639889	3.70292280153109
NW_018384223.1	344694	345694	*	0.000392506658263401	0.0207495258639889	-1.25768759001799
NW_018387638.1	198149	199149	*	0.000393443514585894	0.0207495258639889	-1.07184935608399
NW_018384961.1	3011	4011	*	0.000394638697146557	0.0207498692842503	-4.41340634193726
NW_018386473.1	1241	2241	*	0.000396265993856129	0.0207728627191521	-3.68353790703082
NW_018384864.1	330835	331835	*	0.000401820308971935	0.020987311450446	0.470682248756755
NW_018384568.1	288548	289548	*	0.00040276139305746	0.020987311450446	12.5950625950626
NW_018388029.1	0	210	*	0.000408521584698684	0.0212241111184636	-12.4826869806094
NW_018384114.1	27087	28087	*	0.000410757207025356	0.0212769352287588	-0.38261351143861
NW_018384256.1	190660	191660	*	0.000413559443330246	0.0213587101420855	-0.586801847488271
NW_018386683.1	144641	145641	*	0.000415412926257401	0.0213911477875962	0.443316701808527
NW_018385988.1	132492	133492	*	0.000417388904168349	0.0214296837910178	0.44289050054913
NW_018386655.1	860096	861096	*	0.000419170500121856	0.0214484593909441	0.728304006668721
NW_018387906.1	102341	103341	*	0.000420211979110152	0.0214484593909441	-1.2061111189063
NW_018386413.1	50659	51659	*	0.000424193750288222	0.0215885724702742	-2.4633880714732
NW_018384543.1	4566	5566	*	0.000426160738011988	0.0215999034583665	-1.45190438746405
NW_018385110.1	169305	170305	*	0.000426891123968861	0.0215999034583665	8.00888984094683
NW_018386391.1	211993	212993	*	0.000428675768360846	0.0216275147242905	-5.01245330012453
NW_018388207.1	28675	29675	*	0.00043409332127623	0.0218228599659478	-7.06653282928448
NW_018387881.1	802541	803541	*	0.000435047953075972	0.0218228599659478	1.94670773674509
NW_018385673.1	62132	63132	*	0.000442139125297349	0.0221150181921326	-2.36266262251064
NW_018384169.1	307674	308674	*	0.000446546681066466	0.0222716607008787	-0.570603143193201
NW_018387812.1	58248	59248	*	0.000456953384503131	0.0227257676488711	-0.992675564108032
NW_018385821.1	24285	25285	*	0.000460597026339419	0.0228326753917014	0.373820173429392
NW_018384413.1	521285	522285	*	0.000463632936905248	0.0228326753917014	-4.61816954442668
NW_018387914.1	477546	478546	*	0.000464282208356982	0.0228326753917014	3.57221256585451
NW_018388391.1	431470	432470	*	0.00046433495159147	0.0228326753917014	2.90486611759902
NW_018386107.1	89578	90578	*	0.000471864658247565	0.0230779147647192	-4.13300482476876
NW_018385288.1	279192	280192	*	0.000471966312264619	0.0230779147647192	3.94853244140672
NW_018384817.1	176377	177377	*	0.000475795203221391	0.023200151072263	-1.7724062758868
NW_018385916.1	87261	88261	*	0.000477670405316106	0.0232267083385158	0.761049092848729
NW_018388055.1	63208	64208	*	0.000482012560082955	0.0233727403502851	-0.736123214890686
NW_018388092.1	200668	201668	*	0.000490867619768321	0.0237361874459615	-2.48662135183225
NW_018388129.1	11762	12762	*	0.000495732466848927	0.0237646513968893	-3.25483218793284
NW_018384632.1	24541	25541	*	0.000496471220194653	0.0237646513968893	-3.17254175581619
NW_018384463.1	327208	328208	*	0.000497818988223293	0.0237646513968893	-0.358560430899267
NW_018385917.1	504076	505076	*	0.000499196687394143	0.0237646513968893	3.57910421335222
NW_018387923.1	41566	42566	*	0.000500212620951267	0.0237646513968893	-1.98553982846275
NW_018385269.1	305566	306566	*	0.000501403347973031	0.0237646513968893	1.81233875741297
NW_018384680.1	377768	378768	*	0.000502275362742032	0.0237646513968893	-0.544931634182616
NW_018388192.1	565349	566349	*	0.000502347255598237	0.0237646513968893	-3.73877155105037
NW_018387812.1	65807	66807	*	0.000505900109174318	0.0238680439714135	-1.16126122633291
NW_018388302.1	729301	730301	*	0.000513309135133256	0.0241523205411144	0.48750761730652
NW_018384256.1	325823	326823	*	0.00052062965148829	0.0243943693178202	3.40015078599648
NW_018387898.1	80370	81370	*	0.000523246936491078	0.0243943693178202	1.45488059726195
NW_018387935.1	15039	16039	*	0.000524082267374632	0.0243943693178202	1.78437034429495
NW_018388258.1	612321	613321	*	0.0005242654051676	0.0243943693178202	1.27447176203872
NW_018388291.1	317255	318255	*	0.000525440638988148	0.0243943693178202	0.809519395493668
NW_018384334.1	66075	67075	*	0.000531464463037836	0.0246085860121836	-1.44565926185464
NW_018385916.1	242422	243422	*	0.000545374440543006	0.0251692888000465	-2.83959366879282
NW_018388272.1	7020	8020	*	0.000546457478426172	0.0251692888000465	12.6243691420332
NW_018387216.1	402285	403285	*	0.000548848972437498	0.025212913800825	-0.839322614372628
NW_018386811.1	10077	11077	*	0.000555832914585404	0.0254667230395346	2.41332501981948
NW_018384914.1	913744	914744	*	0.000572114249639911	0.0261440690661247	-2.49057984618861
NW_018384957.1	315135	316135	*	0.000576133582537906	0.0262590008352549	-5.33736421397827
NW_018388169.1	331562	332562	*	0.000579256543764183	0.0263325855903406	0.571005914968532
NW_018384504.1	412952	413952	*	0.000582498116153207	0.0264111660599147	4.23259578455097
NW_018387597.1	200990	201990	*	0.000584317521534074	0.0264250236657968	-0.573975427532706
NW_018387958.1	422705	423705	*	0.00059144487764589	0.0266782347675743	-1.88023781355022
NW_018385996.1	87509	88509	*	0.00059666441078928	0.0267277649201797	-0.229420387862534
NW_018387981.1	622221	623221	*	0.000598607430918313	0.0267277649201797	0.444783750630827
NW_018387638.1	179275	180275	*	0.000600328697262042	0.0267277649201797	-0.675872158396624
NW_018386561.1	874332	875332	*	0.000601236466811996	0.0267277649201797	-4.30557871987699
NW_018387905.1	89515	90515	*	0.000601422336858796	0.0267277649201797	-1.9434473765591
NW_018384234.1	357938	358938	*	0.000601729651858852	0.0267277649201797	6.29335128440674
NW_018386473.1	118645	119645	*	0.000606765640610045	0.0268440541094723	-0.590040442014126
NW_018385238.1	150256	151256	*	0.000608293142097065	0.0268440541094723	0.416121642781988
NW_018384495.1	279083	280083	*	0.000608961044166551	0.0268440541094723	-7.28699664008826
NW_018387974.1	68407	69407	*	0.000610817799694523	0.0268519295917914	-1.28288722010461
NW_018387498.1	368087	369087	*	0.000612216163695774	0.0268519295917914	0.592000491899038
NW_018387944.1	57543	58543	*	0.000614163414546032	0.0268698243019205	0.351390619095192
NW_018388112.1	12217	13217	*	0.000620412049850766	0.0270491825961745	-4.23467356687898
NW_018385404.1	58008	59008	*	0.000622394449580405	0.0270491825961745	0.468658465143527
NW_018385752.1	226245	227245	*	0.000623790052669681	0.0270491825961745	0.469016946527716
NW_018385219.1	310095	311095	*	0.000624461131386529	0.0270491825961745	-3.82245330252263
NW_018386818.1	48335	49335	*	0.00062925083924582	0.0271154972569599	-2.79406802760694
NW_018387597.1	468865	469865	*	0.00063038212496548	0.0271154972569599	-1.68169775321384
NW_018388023.1	8964	9964	*	0.000630652071396639	0.0271154972569599	-1.30886894421926
NW_018386006.1	533324	534324	*	0.000643108807086263	0.0275695741239284	-0.476389150282113
NW_018384689.1	237486	238486	*	0.000646910039969687	0.0275695741239284	-0.751917238301666
NW_018386200.1	192572	193572	*	0.000646938186679772	0.0275695741239284	-2.20624429679893
NW_018385367.1	219826	220826	*	0.000647530357769591	0.0275695741239284	-5.58037378354045
NW_018384365.1	173976	174976	*	0.000651781035861457	0.0276779427136702	1.39265402682312
NW_018387985.1	128886	129886	*	0.000653246726269936	0.0276779427136702	1.11168394255211
NW_018384906.1	173673	174673	*	0.000657560537591838	0.027793258733961	0.376909515400651
NW_018387175.1	144308	145308	*	0.000667234909745232	0.0281340464139832	-3.15484949627863
NW_018385752.1	667274	668274	*	0.000674854763290966	0.0283867714451548	0.852143834659618
NW_018385706.1	274994	275994	*	0.000679660414848196	0.0285056865795497	-0.410817865101818
NW_018386438.1	209076	210076	*	0.000680947736383681	0.0285056865795497	0.182535414440409
NW_018384278.1	214030	215030	*	0.000685828719561212	0.0286413289974215	-0.160284951024043
NW_018385642.1	257424	258424	*	0.00068907868462458	0.028703289983714	-1.33609587119272
NW_018384322.1	418349	419349	*	0.00069060097763128	0.028703289983714	6.60654515151599
NW_018388191.1	137282	138282	*	0.000693868031643027	0.0287705764275738	-0.378535015534388
NW_018387236.1	39250	40250	*	0.000695606769163547	0.0287743239583767	-3.08591233788084
NW_018386499.1	149717	150717	*	0.000700473124853838	0.0289071243142992	0.305943232162533
NW_018388140.1	40867	41867	*	0.000709877815461694	0.0292106813865185	1.14935476870169
NW_018385023.1	204454	205454	*	0.0007111755831787	0.0292106813865185	1.59060953303206
NW_018384547.1	478261	479261	*	0.000714788998040498	0.0292675097479246	-0.856944303624509
NW_018388158.1	471228	472228	*	0.000715912369992719	0.0292675097479246	-3.16163578638108
NW_018386839.1	957584	958584	*	0.000723072062360162	0.0294911421865757	-0.538935591769857
NW_018385098.1	1807874	1808874	*	0.000726692091678761	0.0295697002424573	0.291767326366224
NW_018385367.1	511578	512578	*	0.000732845122081784	0.0297507231167324	0.810485172279904
NW_018384949.1	372897	373897	*	0.000741626452063914	0.0299630468348132	-0.562707727559752
NW_018388097.1	31603	32603	*	0.000742325500115845	0.0299630468348132	-2.64641139095038
NW_018384777.1	189999	190999	*	0.000743224622821659	0.0299630468348132	4.41809158836431
NW_018385444.1	960269	961269	*	0.000751990137717545	0.0302465744123425	0.14743049705139
NW_018384590.1	355941	356941	*	0.00075404302069077	0.0302594233715866	0.148395473938045
NW_018385192.1	1697008	1698008	*	0.000764267606195021	0.0305993881863153	-0.296087459032371
NW_018388017.1	8187	9187	*	0.000768998699535524	0.0306637658148521	0.643086816720257
NW_018386561.1	406755	407755	*	0.000769388728757199	0.0306637658148521	-2.39109779552797
NW_018386561.1	453810	454810	*	0.000775455529870261	0.0308351565221967	-0.637171111703453
NW_018385138.1	368142	369142	*	0.000789248666680326	0.0313122993751976	-3.14943968117585
NW_018384402.1	156648	157648	*	0.000796814670889862	0.0314833416842666	4.02675422435121
NW_018388003.1	54296	55296	*	0.000797166999629746	0.0314833416842666	0.928043782454103
NW_018384793.1	5866	6866	*	0.00080740985859306	0.031815891862721	-4.83268804952972
NW_018384881.1	135318	136318	*	0.000819950709363259	0.0322372922219356	-5.2547995408448
NW_018385524.1	267573	268573	*	0.000833545243893171	0.0326564125151385	-10.2716727716728
NW_018388036.1	3334	4334	*	0.000836220280141179	0.0326564125151385	3.01576899115674
NW_018384807.1	85271	86271	*	0.000836223207670741	0.0326564125151385	-6.64169801848959
NW_018385610.1	240960	241960	*	0.000840977691445905	0.0327687776606012	-0.794184163162443
NW_018387029.1	91494	92494	*	0.000851379611142843	0.0331002050884084	-6.44987722494427
NW_018385238.1	81133	82133	*	0.000860239274638153	0.0333703324274785	0.305135301144981
NW_018388369.1	569042	570042	*	0.000865089803251578	0.0334236916484654	-0.382151883755435
NW_018384125.1	65192	66192	*	0.000866270779836731	0.0334236916484654	-0.897153087485414
NW_018384750.1	70455	71455	*	0.000867358897428928	0.0334236916484654	4.07614093032043
NW_018385176.1	180590	181590	*	0.00087562578269458	0.0336679340794981	-4.45762397238295
NW_018385228.1	133038	134038	*	0.000885163267661667	0.0339598502809977	-3.42266367462591
NW_018384388.1	1076	2076	*	0.000898553427809044	0.0343979723301222	-13.6151960784314
NW_018388036.1	250889	251889	*	0.000902213582468605	0.034462512851725	0.734663394739307
NW_018388309.1	6249	7249	*	0.000923116866876833	0.0351621235720456	-0.800405772752692
NW_018384473.1	15114	16114	*	0.00092455766021903	0.0351621235720456	2.97306070887735
NW_018387955.1	75071	76071	*	0.000929037930086241	0.0352557042164348	0.36101083032491
NW_018384201.1	367	1367	*	0.000936469937024618	0.0354606502282523	5.41664757692342
NW_018384632.1	191528	192528	*	0.000946337411185302	0.0357567315418736	6.62387798386292
NW_018385916.1	1119777	1120777	*	0.000949573027975871	0.0357976530557632	0.595688847487908
NW_018385916.1	484245	485245	*	0.000954172974281847	0.0357976530557632	-0.554284348212151
NW_018385219.1	172572	173572	*	0.00095492529718598	0.0357976530557632	0.931262994216533
NW_018386096.1	14776	15776	*	0.000955623214060213	0.0357976530557632	-0.250917956572657
NW_018385916.1	562668	563668	*	0.0009645555002869	0.0360548855684428	1.55773815258096
NW_018384854.1	218084	219084	*	0.000969376187027615	0.036157656455525	0.28687688998634
NW_018387936.1	590528	591528	*	0.000976290484421433	0.0363379140954843	-0.221055540204476
NW_018385777.1	170772	171772	*	0.000980621210559683	0.036358551506621	-2.28913383178356
NW_018384944.1	5099	6099	*	0.000981010599707339	0.036358551506621	5.22388059701492
NW_018388024.1	73215	74215	*	0.000992760950560557	0.0367160935528964	-2.01878681031255
NW_018384345.1	434436	435436	*	0.00100097106672432	0.0369414691970795	0.256875443843762
NW_018384864.1	330941	331941	*	0.00100618688862664	0.037055620704658	0.493892426608995
NW_018387892.1	483522	484522	*	0.00101072940487645	0.0371445474305028	-1.44018245477808
NW_018384981.1	204085	205085	*	0.00101963316207838	0.0373930404473435	-0.933609958506224
NW_018388257.1	16875	17875	*	0.00102469206942181	0.03748706292704	-0.676974022302659
NW_018388123.1	25837	26837	*	0.00102649191162575	0.03748706292704	-0.389410939909782
NW_018386473.1	885036	886036	*	0.00103462645393952	0.0377052517907509	-5.84426055590919
NW_018385098.1	1766605	1767605	*	0.0010491073173384	0.0381533308854774	-2.02701049816315
NW_018386044.1	63776	64776	*	0.00105396350933732	0.0382502500591482	-0.203252032520325
NW_018386998.1	21865	22865	*	0.00106118079620319	0.0384322777229228	-0.201106083459025
NW_018384234.1	565686	566686	*	0.00107635653059143	0.0388821110794538	4.13328826544983
NW_018385192.1	1595590	1596590	*	0.00107805624094892	0.0388821110794538	0.749066243785265
NW_018386007.1	39335	40335	*	0.00108045663306208	0.0388883378970159	-0.657058075455702
NW_018385360.1	145901	146901	*	0.00108465952519318	0.0389592820852215	-0.681953281407123
NW_018386750.1	175936	176936	*	0.00109386705241197	0.039209324510761	1.46906125704916
NW_018385813.1	201068	202068	*	0.00110171804820569	0.0394098173652117	-1.38898938599784
NW_018388358.1	113090	114090	*	0.00112071241506446	0.0400072872170808	0.431971427105529
NW_018388147.1	129894	130894	*	0.00112569457353229	0.0401031302429816	3.93222222382292
NW_018388314.1	409918	410918	*	0.00113469959935332	0.0403416065668995	-0.296945086152106
NW_018385918.1	22164	23164	*	0.00113961973269543	0.0404341797989981	-1.17849674489807
NW_018384978.1	3415	4415	*	0.00116646408406152	0.0412387527044417	-7.92902066486972
NW_018385098.1	1393495	1394495	*	0.00116702105091103	0.0412387527044417	-0.40288095020168
NW_018384422.1	369681	370681	*	0.00117440390859212	0.041415801382527	0.596815417565512
NW_018384949.1	323956	324956	*	0.00118715724062086	0.0416155024831247	-1.05789332966947
NW_018388036.1	230696	231696	*	0.00118792686830019	0.0416155024831247	-0.977030652253282
NW_018387903.1	599604	600604	*	0.00118947002117955	0.0416155024831247	-1.60216930170332
NW_018384620.1	257828	258828	*	0.00118960260977956	0.0416155024831247	-5.40312497267616
NW_018384652.1	306026	307026	*	0.00120158999802505	0.0418936118487537	0.282153103026812
NW_018384796.1	175830	176830	*	0.00120235233256162	0.0418936118487537	-9.32608841249458
NW_018385591.1	949823	950823	*	0.00121707386169207	0.0423220794860761	0.133792048929664
NW_018388203.1	229888	230888	*	0.00123571807737203	0.0428340075557334	-0.492783190179817
NW_018384631.1	526352	527352	*	0.00123670314492754	0.0428340075557334	-0.477379156980276
NW_018386829.1	77410	78410	*	0.00125659972155931	0.0434369538314706	1.69325248583876
NW_018387948.1	72209	73209	*	0.00127060958926974	0.0438344328658956	0.199942873464724
NW_018388089.1	24206	25206	*	0.00128293835759225	0.0441724625111823	-2.03660098399282
NW_018384709.1	334942	335942	*	0.00129523646712132	0.0445081078054109	-0.325295433319433
NW_018388191.1	326934	327934	*	0.00130810453327764	0.0448619811537725	-1.76247674466364
NW_018384102.1	1093421	1094421	*	0.0013157427940108	0.0450177546493913	0.329614405950284
NW_018385398.1	27638	28638	*	0.00131901722246195	0.0450177546493913	-3.0565561588109
NW_018385508.1	141413	142413	*	0.00132038326312557	0.0450177546493913	-0.643425021854134
NW_018385062.1	370760	371760	*	0.00132647180094531	0.0450597117990194	0.20172183413257
NW_018387992.1	452967	453967	*	0.00132677643220318	0.0450597117990194	-0.568390532092891
NW_018388391.1	477368	478368	*	0.00133317173057326	0.045188991298266	1.87650601782296
NW_018385682.1	208142	209142	*	0.00134553892005164	0.0454365906777952	-0.692222618856325
NW_018388192.1	87616	88616	*	0.00134568217469337	0.0454365906777952	-4.20638197349996
NW_018385945.1	39903	40903	*	0.00135218043888567	0.0455125221905158	-6.72055903521547
NW_018387718.1	56567	57567	*	0.00135314544935764	0.0455125221905158	-1.62318565991729
NW_018384202.1	571506	572506	*	0.00135701477318074	0.0455548910395397	-2.690370796904
NW_018384512.1	8889	9889	*	0.00136641753777787	0.0457824979242903	-8.07893880796617
NW_018384718.1	435223	436223	*	0.00139443905013808	0.046573487192406	-0.584246793692832
NW_018387793.1	274155	275155	*	0.00139536127391892	0.046573487192406	2.17403766862021
NW_018388257.1	17010	18010	*	0.00140735866436151	0.0468549076810684	-0.668359324401653
NW_018384864.1	269463	270463	*	0.00141314651566621	0.0468549076810684	0.152273221666304
NW_018386627.1	163141	164141	*	0.00141329672453129	0.0468549076810684	0.106951871657754
NW_018385157.1	307852	308852	*	0.00141721333096367	0.0468549076810684	-0.263293787211633
NW_018385157.1	307854	308854	*	0.00141721333096367	0.0468549076810684	-0.263293787211633
NW_018384213.1	298054	299054	*	0.00144523711611423	0.0476910862753489	0.264109159599415
NW_018385996.1	117235	118235	*	0.00145160971482483	0.0477448035018168	-4.47211287072508
NW_018384631.1	819035	820035	*	0.00145486719244113	0.0477448035018168	-0.407747196738022
NW_018387794.1	686594	687594	*	0.00145507025358104	0.0477448035018168	0.323027570316224
NW_018384536.1	56381	57381	*	0.00146876027946484	0.0481035901181713	2.83519270478735
NW_018385628.1	104220	105220	*	0.00147491380076444	0.0482146659895791	-0.219914798704576
NW_018388291.1	71467	72467	*	0.00150100436353871	0.0489758467097204	4.55533268221646
NW_018387309.1	483442	484442	*	0.00151964299019053	0.0494914937205539	-2.74788775729031
NW_018387927.1	60058	61058	*	0.00152563328147726	0.0495940583560628	-6.34254206316947
NW_018388132.1	6710	7710	*	0.0015315145903288	0.0496208384043953	3.08063307875282
NW_018385916.1	1355454	1356454	*	0.00153214222945349	0.0496208384043953	5.96420790538438
NW_018388191.1	675098	676098	*	0.00155388886769642	0.0502319428240852	-2.96435574663744
NW_018385563.1	15080	16080	*	0.00155698441672068	0.0502389762558737	-3.69255341590573
NW_018384887.1	14939	15939	*	0.00156397658907435	0.0503686919908469	0.574678130752968
NW_018386209.1	140062	141062	*	0.00156677532164008	0.0503686919908469	-4.26662556339825
NW_018386034.1	89328	90328	*	0.00158138502045807	0.0507449117026002	-0.841445360703978
NW_018384609.1	349480	350480	*	0.00158803045292359	0.0508646551410157	-3.3708930814402
NW_018384767.1	158662	159662	*	0.00159188428582432	0.0508947087186125	-0.546706147662433
NW_018385745.1	225367	226367	*	0.00159847825300218	0.0510120980790226	-3.81521202729741
NW_018385731.1	282684	283684	*	0.00161243862022973	0.0513637133139537	-0.58612398202752
NW_018385829.1	271153	272153	*	0.00161756932498887	0.0514332938871276	-0.965197030572333
NW_018387689.1	15896	16896	*	0.00162229749462294	0.0514898454409086	3.82649463513179
NW_018386892.1	47062	48062	*	0.00162528728008824	0.0514911175585785	-1.3683975218752
NW_018384136.1	297299	298299	*	0.0016340994858273	0.0516765123960076	-2.1217183824911
NW_018385968.1	48083	49083	*	0.00164842616038374	0.0520353100964798	-0.775595430033078
NW_018385500.1	225173	226173	*	0.00165565499159903	0.0521415613691841	0.427638500616226
NW_018384632.1	394038	395038	*	0.00165776602519982	0.0521415613691841	0.696453478074086
NW_018384345.1	413082	414082	*	0.00168001647018695	0.0526346608450265	-0.283140431505761
NW_018385917.1	547575	548575	*	0.00168039279662922	0.0526346608450265	-8.18551211993835
NW_018386760.1	98066	99066	*	0.00168248905461292	0.0526346608450265	-1.72584038644553
NW_018384599.1	349617	350617	*	0.00168969326507435	0.0527654741843514	0.339773853936477
NW_018388080.1	943684	944684	*	0.0016943914032656	0.0528177008530942	-0.733445479206525
NW_018385559.1	1706	2706	*	0.00169940710157252	0.0528275955666666	-0.806893850372111
NW_018385002.1	81827	82827	*	0.00170313798585805	0.0528275955666666	-1.71488655454959
NW_018387981.1	295184	296184	*	0.00170378762287452	0.0528275955666666	-0.876308239437288
NW_018384700.1	52790	53790	*	0.00170832950983155	0.0528745055573589	0.68965858739138
NW_018388402.1	801963	802963	*	0.00171845330265883	0.053093709280217	-0.485672757908083
NW_018388302.1	689084	690084	*	0.00172941987411126	0.0533216443861325	1.95047688063958
NW_018385192.1	937742	938742	*	0.00173193988145145	0.0533216443861325	-1.57399997489974
NW_018385879.1	239890	240890	*	0.00174009318647698	0.0534783440568679	0.37878565954004
NW_018387165.1	47995	48995	*	0.00174608621707307	0.0535105266689671	-0.469390802283484
NW_018385204.1	124155	125155	*	0.00174869741838009	0.0535105266689671	-1.38396698980949
NW_018385098.1	222287	223287	*	0.0017506525731691	0.0535105266689671	-1.74342753529599
NW_018384854.1	184354	185354	*	0.00175340190501583	0.0535105266689671	0.406267379774825
NW_018384525.1	210548	211548	*	0.00178013740925565	0.0542316334008043	1.55613049230353
NW_018388003.1	707955	708955	*	0.00178541284581298	0.05429758863684	1.87143211985463
NW_018386314.1	10620	11620	*	0.00180661963442921	0.0548469726803315	-0.981365733979788
NW_018388285.1	11486	12486	*	0.00181263268162595	0.0549339847736451	-1.88403454637475
NW_018385988.1	195503	196503	*	0.00183971364249685	0.0556580768287766	-0.220125786163522
NW_018386163.1	115750	116750	*	0.00184500667035656	0.0557216390125617	2.78267352849345
NW_018388191.1	760392	761392	*	0.00185974542278511	0.056069762299136	-0.365338530849602
NW_018384473.1	11386	12386	*	0.00186597835449091	0.0561606839544427	0.767912397347532
NW_018388058.1	624071	625071	*	0.00187253472787405	0.0562610105533369	-1.70009587727709
NW_018387157.1	87023	88023	*	0.00188061124852605	0.0563223604966329	1.20794035131058
NW_018388280.1	423992	424992	*	0.00188102956913294	0.0563223604966329	-4.77365352632637
NW_018385337.1	68418	69418	*	0.0018927222487656	0.0565421444933884	0.312421051742673
NW_018384245.1	331169	332169	*	0.00189606939380953	0.0565421444933884	-0.423568882365276
NW_018386324.1	41377	42377	*	0.00189808698783658	0.0565421444933884	-0.383572399458454
NW_018388191.1	1033489	1034489	*	0.00190733486809769	0.056720836514189	-1.18826202012441
NW_018384493.1	9184	10184	*	0.0019158063358621	0.0568758708429564	-0.429711479435236
NW_018384643.1	159439	160439	*	0.0019456143284979	0.0575004532103893	0.258581091241043
NW_018386163.1	103665	104665	*	0.00194710269419844	0.0575004532103893	4.45974491386054
NW_018386340.1	119919	120919	*	0.00195181050738638	0.0575004532103893	-0.249932797525741
NW_018386375.1	118359	119359	*	0.00195285267229736	0.0575004532103893	-0.268862633379898
NW_018385917.1	671801	672801	*	0.00195331453125387	0.0575004532103893	-0.478236240231497
NW_018387697.1	677258	678258	*	0.00197825542385241	0.0581366095023173	1.50780843392136
NW_018387895.1	87952	88952	*	0.00198311130408382	0.05818136479911	-4.02377598176316
NW_018388147.1	58276	59276	*	0.00199308790916148	0.0583046345830076	0.258268817760789
NW_018388191.1	1190677	1191677	*	0.00199399299711806	0.0583046345830076	-0.422232253431714
NW_018387122.1	466837	467837	*	0.00200412429990189	0.0584689352606622	0.501686271697933
NW_018388058.1	564025	565025	*	0.00200631087611969	0.0584689352606622	1.92345437239927
NW_018388192.1	596379	597379	*	0.00201000441029232	0.0584789464945957	-2.56221125459176
NW_018385682.1	207281	208281	*	0.00203363959511149	0.0590681402289076	2.0141221759021
NW_018388376.1	14987	15987	*	0.00205446153177272	0.0595737999593775	-8.7735027409191
NW_018384632.1	394050	395050	*	0.00206934286073941	0.0598955197043531	0.703290079420278
NW_018384701.1	5051	6051	*	0.00207241866949131	0.0598955197043531	-2.44894487345753
NW_018385204.1	195202	196202	*	0.00208263533423483	0.0600321416852715	0.14268727705113
NW_018388003.1	569245	570245	*	0.00208402383331954	0.0600321416852715	0.29925187032419
NW_018386066.1	21197	22197	*	0.00208748944301131	0.0600329074205529	-0.53999887959202
NW_018388214.1	282741	283741	*	0.00210048445808213	0.0602427014282149	1.05652842982373
NW_018384728.1	344467	345467	*	0.00210168657883351	0.0602427014282149	0.347821187806167
NW_018384599.1	218838	219838	*	0.00212427866649176	0.0607904604381145	-2.16315813198702
NW_018387104.1	105435	106435	*	0.00214448425879483	0.0612392314512428	0.431028507791533
NW_018384526.1	76164	77164	*	0.00214934950380271	0.0612392314512428	-0.265919443839212
NW_018386220.1	216991	217991	*	0.00215378520364526	0.0612392314512428	2.063855435011
NW_018387183.1	133048	134048	*	0.00215410229111935	0.0612392314512428	0.845900559049161
NW_018385002.1	717493	718493	*	0.00215750130594551	0.0612392314512428	-3.26658380548926
NW_018384422.1	26258	27258	*	0.0021834798034516	0.0618760023404334	-0.717663462340036
NW_018388225.1	586679	587679	*	0.00219692688602531	0.0621561662965347	4.66781695274669
NW_018384767.1	141776	142776	*	0.00221011215698282	0.0624280283000648	-0.162262401483542
NW_018386163.1	210117	211117	*	0.00221988446598875	0.0625863546451993	-0.521529892436362
NW_018387498.1	131759	132759	*	0.00222288792146786	0.0625863546451993	0.27420778937778
NW_018388214.1	640149	641149	*	0.00224549526541298	0.0630337182576005	-1.06590659242664
NW_018384463.1	201001	202001	*	0.0022459988559447	0.0630337182576005	5.32289685207348
NW_018384423.1	283498	284498	*	0.00226125580803896	0.0633600379774757	-0.354145221495237
NW_018385916.1	1088066	1089066	*	0.00227122190807975	0.063537300522942	-1.67071153510505
NW_018387872.1	106798	107798	*	0.00227668938827838	0.0635640258196384	-0.49145004217468
NW_018386849.1	103643	104643	*	0.00228460237199615	0.0635640258196384	0.316210711861177
NW_018386420.1	23413	24413	*	0.00228608166342217	0.0635640258196384	-0.734845264047868
NW_018388402.1	380389	381389	*	0.00228674860986771	0.0635640258196384	0.377121307353866
NW_018386693.1	144651	145651	*	0.00229038378630391	0.0635640258196384	-0.388017541060749
NW_018385051.1	345305	346305	*	0.00229443608632636	0.0635754137512826	-3.82855088737442
NW_018388136.1	185436	186436	*	0.00230205364157169	0.0636853969535508	0.137551581843191
NW_018384245.1	165234	166234	*	0.00231228492197883	0.0638672253622518	-1.02766064872202
NW_018384631.1	109417	110417	*	0.00233574809820059	0.0644133778280163	0.191570881226054
NW_018387122.1	104986	105986	*	0.00234895479718145	0.0646754086829341	2.45678759308601
NW_018387783.1	40123	41123	*	0.00236596212696123	0.064833520987724	0.253817770820494
NW_018387400.1	766065	767065	*	0.00236632997345955	0.064833520987724	-5.8164150534187
NW_018384915.1	390812	391812	*	0.00236740985666456	0.064833520987724	-1.00162636055917
NW_018385391.1	235093	236093	*	0.00236955343345405	0.064833520987724	-2.45226030067533
NW_018385706.1	174307	175307	*	0.00237630582862404	0.0649165237177961	-0.234655996119345
NW_018384827.1	536437	537437	*	0.0023809871347695	0.0649427769344374	0.275103163686382
NW_018385591.1	410484	411484	*	0.0023982262245362	0.0653109345674999	-3.43729818432057
NW_018384322.1	675668	676668	*	0.00241920021521922	0.0656843370632939	0.262467753890541
NW_018385438.1	294994	295994	*	0.00241946316034099	0.0656843370632939	-3.49638477260049
NW_018388270.1	24871	25871	*	0.00242804622704139	0.0658092968922156	-3.36502510415554
NW_018387401.1	26939	27939	*	0.00243160588194078	0.0658092968922156	0.588259172243228
NW_018388314.1	114706	115706	*	0.00244092272599438	0.0659260409531549	-3.56547607268889
NW_018388134.1	33151	34151	*	0.00244663699876822	0.0659260409531549	-0.172823503996544
NW_018385030.1	278567	279567	*	0.0024498694977038	0.0659260409531549	-0.672031435614526
NW_018388225.1	542831	543831	*	0.00245299734617747	0.0659260409531549	-0.64314418346844
NW_018386627.1	10017	11017	*	0.00245480258730891	0.0659260409531549	-0.918790262930625
NW_018385219.1	172396	173396	*	0.0024654279819253	0.0661096887430942	0.771714625952745
NW_018384817.1	287894	288894	*	0.00247543413013221	0.0662761937629653	6.69292591708444
NW_018388225.1	319862	320862	*	0.00249311521560614	0.0665964825264992	6.12940885669195
NW_018388303.1	343835	344835	*	0.0024950270560131	0.0665964825264992	0.303369115626715
NW_018384256.1	380963	381963	*	0.00250260454150822	0.0666967555947826	5.43389061758346
NW_018384311.1	462647	463647	*	0.00251670977460704	0.0669704283425781	0.199004975124378
NW_018384930.1	191386	192386	*	0.00252944095190097	0.0672067595937492	1.73912874417104
NW_018384213.1	527144	528144	*	0.0025601279274594	0.0678003658842542	0.211118930330753
NW_018388147.1	39824	40824	*	0.00256458220570741	0.0678003658842542	-0.329861316371289
NW_018385463.1	179065	180065	*	0.00256620055498505	0.0678003658842542	-0.234386979256887
NW_018384530.1	2743	3743	*	0.00257030412369497	0.0678003658842542	-7.57026948710519
NW_018384234.1	265573	266573	*	0.00257120229335037	0.0678003658842542	-1.28034783793295
NW_018384430.1	94459	95459	*	0.00258281668430527	0.0679477685755724	-2.08107168847882
NW_018385752.1	731556	732556	*	0.00258457713611072	0.0679477685755724	0.994507492945615
NW_018384422.1	273193	274193	*	0.0026038211625802	0.0683230052978945	-0.864483431102188
NW_018387873.1	85045	86045	*	0.00260667814192467	0.0683230052978945	-1.76253805941795
NW_018384662.1	258647	259647	*	0.0026170100453528	0.0684909730010419	-1.71221931290611
NW_018384854.1	359330	360330	*	0.00263568997150807	0.0688765906816794	1.23298056560333
NW_018384334.1	423574	424574	*	0.00264108758425343	0.068914477229018	-0.290438563142049
NW_018384599.1	117054	118054	*	0.00267439953511623	0.0696795384983745	-0.327184298160551
NW_018386473.1	225705	226705	*	0.00268438740664593	0.0698355331017682	0.18796992481203
NW_018387927.1	38823	39823	*	0.00269189486142699	0.0698961693386316	3.63647072382806
NW_018385731.1	295544	296544	*	0.00269472628691745	0.0698961693386316	-10.4953475643131
NW_018385444.1	221419	222419	*	0.00270447432125197	0.0700449364940388	0.617543610452267
NW_018388136.1	530483	531483	*	0.00270899423478123	0.0700580569646724	0.813329857423392
NW_018384965.1	349338	350338	*	0.002717440783323	0.0701725362040995	0.31914932676992
NW_018385752.1	222861	223861	*	0.00272824323112028	0.0703474238270063	0.297694592943337
NW_018384632.1	193305	194305	*	0.00275168402616842	0.0707797138402969	2.52376916189844
NW_018388058.1	474039	475039	*	0.00275692965718318	0.0707797138402969	-0.263476083968802
NW_018384452.1	107594	108594	*	0.00275717247956161	0.0707797138402969	2.08226138571358
NW_018385514.1	1364	2364	*	0.00277287862369229	0.0710783811669195	4.16714820108878
NW_018387919.1	38918	39918	*	0.00278125472377647	0.0711316339487359	4.77519376493565
NW_018385391.1	179427	180427	*	0.00278421302206517	0.0711316339487359	0.950992008099431
NW_018387908.1	43448	44448	*	0.00278718057405629	0.0711316339487359	3.18091437466826
NW_018387896.1	15453	16453	*	0.00279447616181572	0.0711551271022081	-0.260240097719162
NW_018385321.1	56291	57291	*	0.00279625345856297	0.0711551271022081	-2.15246705584689
NW_018388247.1	250097	251097	*	0.00280472381705865	0.0712667814412601	-0.252734004595837
NW_018384568.1	369275	370275	*	0.00281055362636747	0.0713111135485046	-8.94332825702115
NW_018387903.1	547979	548979	*	0.00281707915039974	0.0713729434568885	-2.76959844090209
NW_018386473.1	389061	390061	*	0.00282880743482797	0.0713775637655557	0.156412930135558
NW_018384311.1	282034	283034	*	0.00283110189907175	0.0713775637655557	0.21398002853067
NW_018385836.1	47020	48020	*	0.00284170164851302	0.0713775637655557	0.144578313253012
NW_018384957.1	191026	192026	*	0.00284388713243711	0.0713775637655557	-0.14201663623453
NW_018387903.1	668185	669185	*	0.00284485037355022	0.0713775637655557	0.703946848058214
NW_018387940.1	91923	92923	*	0.00284897936479722	0.0713775637655557	1.40133799446953
NW_018384599.1	212802	213802	*	0.00284910197984181	0.0713775637655557	-0.205278592375367
NW_018385578.1	30442	31442	*	0.00285044476525784	0.0713775637655557	1.4653206066444
NW_018384345.1	149914	150914	*	0.00286152808208832	0.0713775637655557	-1.04268227160028
NW_018385454.1	188335	189335	*	0.00286342949651053	0.0713775637655557	1.6074391632074
NW_018387881.1	810120	811120	*	0.0028654159147396	0.0713775637655557	-0.358684673182209
NW_018388065.1	9910	10910	*	0.00286632847722216	0.0713775637655557	0.870617829671528
NW_018388125.1	53828	54828	*	0.00287430315152433	0.071474189478853	2.17742824456136
NW_018387697.1	223587	224587	*	0.00289895305876541	0.0719846070534248	4.60073172810918
NW_018388290.1	20355	21355	*	0.00291693226576944	0.0722678779773647	0.419438023806154
NW_018385927.1	10312	11312	*	0.00291864073385305	0.0722678779773647	-2.50043795960646
NW_018387823.1	82491	83491	*	0.00292955942491514	0.0724354881241572	-0.703562838390505
NW_018384631.1	818779	819779	*	0.00293451637905808	0.0724554243418713	-0.45662100456621
NW_018385813.1	201490	202490	*	0.00294640567852981	0.0726462273229705	0.191265540325151
NW_018385213.1	102529	103529	*	0.00295626289072435	0.0727723309841555	-2.92718988512219
NW_018385996.1	197755	198755	*	0.00295985785327702	0.0727723309841555	0.463607281958894
NW_018386428.1	143217	144217	*	0.00297545980255522	0.0730530355819786	-2.67341895513557
NW_018385192.1	280737	281737	*	0.00298581314514537	0.0731540842046605	0.495406113772377
NW_018385745.1	232673	233673	*	0.00299206302072325	0.0731540842046605	-3.66757503632651
NW_018387992.1	160184	161184	*	0.00299214757495783	0.0731540842046605	2.78902793011634
NW_018386803.1	38864	39864	*	0.00300186662564145	0.073289056510575	1.61265465131213
NW_018387940.1	92206	93206	*	0.0030267564177784	0.0736940697075011	1.43604565506337
NW_018384827.1	276254	277254	*	0.0030279717794669	0.0736940697075011	0.327349371361213
NW_018386839.1	178503	179503	*	0.00303112052155943	0.0736940697075011	2.40783619949528
NW_018384854.1	49023	50023	*	0.00303833132617406	0.0737666432231564	0.80146194749691
NW_018386934.1	591347	592347	*	0.00304703427311899	0.073857037879107	-0.521845701765737
NW_018387875.1	94211	95211	*	0.00305051644317882	0.073857037879107	0.244798041615667
NW_018388056.1	63572	64572	*	0.0030673801081301	0.0741418877639655	-1.12098309259881
NW_018387903.1	80872	81872	*	0.00307415005162109	0.0741418877639655	0.28165990717598
NW_018388062.1	38315	39315	*	0.0030854199847334	0.0741418877639655	-0.978801444612243
NW_018385891.1	191493	192493	*	0.00308615062088473	0.0741418877639655	-0.623885918003565
NW_018387913.1	83932	84932	*	0.00308912178771898	0.0741418877639655	-1.09642857142857
NW_018386163.1	208483	209483	*	0.00308980442326295	0.0741418877639655	-0.5754066235943
NW_018387996.1	31539	32539	*	0.00309201248418829	0.0741418877639655	-0.804076829608704
NW_018385545.1	153197	154197	*	0.00310232757543892	0.074204565223813	-3.43810039349526
NW_018388258.1	467384	468384	*	0.00310312810513081	0.074204565223813	-0.652915848033144
NW_018386220.1	179088	180088	*	0.00311801219763265	0.0744459634266853	3.55111682718709
NW_018386383.1	836216	837216	*	0.00313577301734646	0.0744459634266853	0.292540224280839
NW_018387697.1	725405	726405	*	0.0031372849085966	0.0744459634266853	0.291659152148755
NW_018387998.1	60323	61323	*	0.00313872708414756	0.0744459634266853	0.133569827291167
NW_018384322.1	1115756	1116756	*	0.0031401876306935	0.0744459634266853	2.01370698749593
NW_018385238.1	176464	177464	*	0.00314307585407841	0.0744459634266853	0.732702437144141
NW_018385238.1	176512	177512	*	0.00314307585407841	0.0744459634266853	0.732702437144141
NW_018388314.1	516625	517625	*	0.0031634015209477	0.0746176207550017	-2.46747126957216
NW_018384300.1	282010	283010	*	0.00316506075855961	0.0746176207550017	1.6868693962591
NW_018386499.1	116314	117314	*	0.00316558436936009	0.0746176207550017	-1.15411096776742
NW_018385655.1	71081	72081	*	0.00316742124140203	0.0746176207550017	2.94101573885165
NW_018384729.1	165182	166182	*	0.00317467331957131	0.0746876710149576	0.249891074084647
NW_018388069.1	258312	259312	*	0.00320279755214915	0.0751242301396227	2.01815798672793
NW_018384796.1	408961	409961	*	0.00320372169001967	0.0751242301396227	0.344036697247706
NW_018387638.1	175656	176656	*	0.00320614032910221	0.0751242301396227	2.85619958838792
NW_018384288.1	8526	9526	*	0.00323890120685986	0.0757901303608617	-0.60353637011117
NW_018385673.1	946304	947304	*	0.00324393341671461	0.0758062668464817	-0.204593958665891
NW_018384922.1	92269	93269	*	0.00325624799538827	0.0759923116279116	0.505189092938581
NW_018384422.1	1132024	1133024	*	0.00326714704099534	0.0761448688933034	2.38149424283181
NW_018386107.1	9150	10150	*	0.00328019139129409	0.076188228154279	0.383887181855319
NW_018384311.1	494535	495535	*	0.00328044127500345	0.076188228154279	-4.82068916735134
NW_018386811.1	98567	99567	*	0.00328210094413184	0.076188228154279	-2.10465153227747
NW_018384402.1	442122	443122	*	0.00331379977694632	0.0768219042821722	-1.75564921578228
NW_018384807.1	397015	398015	*	0.00332081810093869	0.0768825044299792	0.617592117461943
NW_018385591.1	846113	847113	*	0.00335108696808207	0.0774805201217484	-1.92327903310562
NW_018384473.1	453996	454996	*	0.0033570263383205	0.0775103803228204	-1.03533060673507
NW_018388180.1	280415	281415	*	0.00336161086799642	0.0775103803228204	0.518532202076293
NW_018385591.1	235833	236833	*	0.00336782921796908	0.0775103803228204	-1.24604341964353
NW_018385836.1	793713	794713	*	0.00337013938816387	0.0775103803228204	1.60265711141163
NW_018387982.1	143683	144683	*	0.00338537193937187	0.077663449404792	8.99151622486288
NW_018385176.1	381712	382712	*	0.00338569281828723	0.077663449404792	-0.154696132596685
NW_018385836.1	220893	221893	*	0.00339407704646826	0.0777535999120539	1.31923163290668
NW_018387936.1	253430	254430	*	0.00344595223842365	0.0787755631534957	0.16361702278434
NW_018387966.1	27345	28345	*	0.00345351474769702	0.0787755631534957	0.545950864422202
NW_018385918.1	114694	115694	*	0.0034580910532102	0.0787755631534957	5.27725313320077
NW_018387216.1	606330	607330	*	0.00345928713540432	0.0787755631534957	-0.21021954174365
NW_018384700.1	344253	345253	*	0.00346125104846392	0.0787755631534957	-0.408557291596575
NW_018387076.1	16172	17172	*	0.00347371145529803	0.0789562113691202	2.49671180261543
NW_018386517.1	153950	154950	*	0.00348289954504346	0.0790621078897324	-3.53511880361142
NW_018385192.1	78646	79646	*	0.00349244774247923	0.0791392610897092	-2.62617911971552
NW_018384423.1	104116	105116	*	0.00349536544787951	0.0791392610897092	0.112676056338028
NW_018387969.1	1485677	1486677	*	0.00350055517071398	0.0791540984315238	-6.73684070890375
NW_018386347.1	10847	11847	*	0.00351014881275074	0.0792683494089614	-6.25185567171409
NW_018387870.1	667511	668511	*	0.00356581687802686	0.0801989872278239	0.547095488914713
NW_018388069.1	438954	439954	*	0.00356905685028306	0.0801989872278239	0.277774393947824
NW_018384922.1	339856	340856	*	0.00357243050073044	0.0801989872278239	0.273213590085072
NW_018387903.1	705015	706015	*	0.00357341456736964	0.0801989872278239	0.968996574467505
NW_018384919.1	1846	2846	*	0.00357433044836848	0.0801989872278239	-3.66473410411119
NW_018385367.1	24957	25957	*	0.00362435992972739	0.081217130786119	0.433505065330474
NW_018385288.1	181864	182864	*	0.00364369619512457	0.0815457509776014	0.249188211639282
NW_018384525.1	32793	33793	*	0.00364959221140559	0.0815731226206614	-0.767110940016056
NW_018385438.1	279656	280656	*	0.00366021248913181	0.0816983925438453	-1.12968689601855
NW_018386192.1	183555	184555	*	0.00366455710332329	0.0816983925438453	3.51329478340376
NW_018384914.1	661349	662349	*	0.00369282458134675	0.0822235825730757	-0.533438508973525
NW_018385578.1	118319	119319	*	0.00371126032984945	0.082528802378424	-1.25542444367718
NW_018385829.1	309806	310806	*	0.00372265637454512	0.0826768999583801	-2.5089605734767
NW_018385375.1	199068	200068	*	0.00372953157648174	0.0827243448441752	-0.170068027210884
NW_018384957.1	300602	301602	*	0.00373827200396545	0.0827243861368002	0.288121939325329
NW_018385192.1	1194242	1195242	*	0.0037393774853323	0.0827243861368002	-0.132125330313326
NW_018384101.1	1236717	1237717	*	0.00374375021106548	0.0827243861368002	5.98068886006629
NW_018385759.1	258341	259341	*	0.00375515193720782	0.0828010684905586	0.846383860794374
NW_018384102.1	658973	659973	*	0.00375670715909669	0.0828010684905586	-2.265541366478
NW_018388080.1	1376570	1377570	*	0.00376567802582185	0.0828861846912494	0.793577505107753
NW_018388114.1	210699	211699	*	0.00377006529056021	0.0828861846912494	-0.64412575773468
NW_018386673.1	41436	42436	*	0.0037761012495462	0.0829144610563594	0.0897129186602871
NW_018387980.1	46440	47440	*	0.00380496174004943	0.0834432107496908	-2.39082342215807
NW_018388325.1	598381	599381	*	0.00382024243779582	0.0836732009701783	2.36261753895416
NW_018388191.1	1006542	1007542	*	0.00384245669681573	0.0840542874142809	-0.335066089309762
NW_018386413.1	129415	130415	*	0.00385369554119863	0.0841946316783436	-0.177619893428064
NW_018387944.1	41395	42395	*	0.00388885819296138	0.0848566534332325	5.34052185097607
NW_018385138.1	337529	338529	*	0.00392051404942527	0.0854405978629714	-6.71820452318859
NW_018384323.1	191237	192237	*	0.00393147945867528	0.0855727369819574	-0.385585846478915
NW_018385523.1	752846	753846	*	0.00394020549278825	0.0855835051820555	-1.5885611057404
NW_018388225.1	587548	588548	*	0.00394591487126143	0.0855835051820555	3.40117129947338
NW_018385469.1	825	1825	*	0.00394668231635819	0.0855835051820555	0.190756302521008
NW_018387400.1	763903	764903	*	0.00395464064665413	0.0856496838450854	0.306268926072814
NW_018384758.1	396544	397544	*	0.00397127470803369	0.0859033648120571	-0.189334174818555
NW_018385157.1	317455	318455	*	0.00399891404988662	0.0863941804522086	-1.65938676806142
NW_018386655.1	663835	664835	*	0.00402594900203557	0.0867991602782965	-2.61723903804247
NW_018386182.1	244862	245862	*	0.00402760398958244	0.0867991602782965	4.18156212761348
NW_018385213.1	106129	107129	*	0.00405142434170469	0.0872048539506933	-4.54339300968822
NW_018384213.1	1166300	1167300	*	0.00405915299744384	0.0872636093337625	-4.40783033967949
NW_018384938.1	138598	139598	*	0.00407534463245717	0.0874199564070382	-4.46622691698572
NW_018385412.1	124031	125031	*	0.00407644146270502	0.0874199564070382	-0.345664074686338
NW_018385376.1	2787	3787	*	0.00408586852416398	0.0874418753960442	-1.20718111429936
NW_018384632.1	35072	36072	*	0.00408970714969082	0.0874418753960442	3.65285437235942
NW_018386839.1	123933	124933	*	0.00409249106439042	0.0874418753960442	-0.645261470355231
NW_018388192.1	313513	314513	*	0.00409826102081303	0.0874581108264636	-3.29514852766323
NW_018384837.1	96123	97123	*	0.00412362759875486	0.0878919937299266	-2.59647818200318
NW_018384253.1	5669	6669	*	0.00415202314593906	0.0882971647350587	0.163934426229508
NW_018386163.1	45769	46769	*	0.00415428524186521	0.0882971647350587	-0.344612505847497
NW_018384887.1	14013	15013	*	0.00415781149637746	0.0882971647350587	-1.2698454375186
NW_018384365.1	465296	466296	*	0.0041725582904783	0.0884353594491243	-6.26741053956366
NW_018385917.1	436816	437816	*	0.00417445108867234	0.0884353594491243	-0.227662601146489
NW_018384422.1	67067	68067	*	0.00417974368437896	0.0884401523167436	0.354441573754573
NW_018388192.1	369137	370137	*	0.0041893827477794	0.0884611932733028	0.6095126247798
NW_018384504.1	412048	413048	*	0.00419245606072041	0.0884611932733028	0.561372494716566
NW_018388069.1	312853	313853	*	0.00419594077873784	0.0884611932733028	-5.03918998792178
NW_018386358.1	37307	38307	*	0.00420615880509852	0.0884796131077621	2.08513085993673
NW_018385555.1	200415	201415	*	0.00421133692182613	0.0884796131077621	-0.168823860438942
NW_018384147.1	614346	615346	*	0.00422112252573802	0.0884796131077621	-0.122677338312976
NW_018385287.1	241105	242105	*	0.00422160743231477	0.0884796131077621	0.23072001346077
NW_018387093.1	151177	152177	*	0.00422413720864967	0.0884796131077621	-0.379666795870651
NW_018384267.1	106456	107456	*	0.00422722617774507	0.0884796131077621	-1.40613812122242
NW_018384373.1	3674	4674	*	0.0042407862558766	0.0885283054001736	-1.32679111619747
NW_018386297.1	280900	281900	*	0.00424188238488479	0.0885283054001736	-1.54558982468587
NW_018388303.1	306150	307150	*	0.00425600026741123	0.0885283054001736	-1.40861189697952
NW_018387093.1	114566	115566	*	0.00425798875154226	0.0885283054001736	-0.969679356776131
NW_018384422.1	387432	388432	*	0.00426075651521504	0.0885283054001736	0.148853825543316
NW_018388191.1	1041269	1042269	*	0.00426479104995244	0.0885283054001736	0.225517023138065
NW_018385785.1	128909	129909	*	0.0042650523552599	0.0885283054001736	-0.28110491289768
NW_018384223.1	146890	147890	*	0.00427129518786305	0.0885525914460662	-0.283976125369714
NW_018387282.1	56988	57988	*	0.00428106657428346	0.0886498871556034	0.651203714043267
NW_018385066.1	4041	5041	*	0.00432449047190323	0.0892807865041392	9.41106906338694
NW_018386760.1	187523	188523	*	0.00432583229625253	0.0892807865041392	-0.335881700002598
NW_018386152.1	255140	256140	*	0.00432687740447619	0.0892807865041392	0.333318739693242
NW_018387439.1	107778	108778	*	0.00436937689733991	0.0898503538660935	0.189804747706779
NW_018385896.1	182768	183768	*	0.00438090502471951	0.0898503538660935	1.34539659903957
NW_018384700.1	232039	233039	*	0.0043822299259507	0.0898503538660935	-1.16526858515355
NW_018386126.1	132847	133847	*	0.00438507351751739	0.0898503538660935	-4.32749020416581
NW_018384728.1	646751	647751	*	0.00438536260109212	0.0898503538660935	0.314881167742362
NW_018388068.1	28191	29191	*	0.00438536358938145	0.0898503538660935	-0.209424083769634
NW_018384681.1	5545	6545	*	0.00442920252290594	0.0906421686505808	0.140905198782197
NW_018386839.1	558210	559210	*	0.004442604033793	0.0908046109651001	1.10920917494009
NW_018387906.1	74572	75572	*	0.004447543829428	0.0908046109651001	0.462141374965034
NW_018388280.1	198805	199805	*	0.00447616452775175	0.0912821912297039	-0.191046187755349
NW_018387892.1	488840	489840	*	0.00448376983273226	0.091317746147647	-2.49204214859913
NW_018386096.1	242194	243194	*	0.00448921853088785	0.091317746147647	-0.522661837094827
NW_018388258.1	544088	545088	*	0.00449360162144107	0.091317746147647	6.40051299102266
NW_018388303.1	78473	79473	*	0.00450606743213372	0.0914523623417631	0.409320395498219
NW_018384423.1	91722	92722	*	0.00451070369617143	0.0914523623417631	-5.64556331006978
NW_018384906.1	151620	152620	*	0.00454165742244556	0.0918180973259622	-0.249286623358831
NW_018384278.1	207913	208913	*	0.00454316009908627	0.0918180973259622	-0.312901313863576
NW_018384536.1	286975	287975	*	0.00454452242988201	0.0918180973259622	-0.216444254360121
NW_018387901.1	59156	60156	*	0.0045614244588894	0.0920530451493372	-0.496228822752831
NW_018385917.1	527194	528194	*	0.00456880772884208	0.0920955763271318	0.395996364949367
NW_018385988.1	47506	48506	*	0.0045749498475116	0.0921130197881072	0.354754689373528
NW_018385030.1	290435	291435	*	0.00458993023218881	0.092225504920757	1.01334324685856
NW_018387389.1	83894	84894	*	0.00459611088918776	0.092225504920757	0.610939114993945
NW_018386126.1	254565	255565	*	0.00459802149458372	0.092225504920757	5.25451559934319
NW_018385204.1	7305	8305	*	0.00460166942321514	0.092225504920757	0.28169014084507
NW_018386784.1	166830	167830	*	0.0046113040189896	0.0922701361269279	-0.177660480022326
NW_018384827.1	1040883	1041883	*	0.00461446785348863	0.0922701361269279	0.155207103221551
NW_018384504.1	333854	334854	*	0.00462208069161246	0.0923166147704831	-0.174978127734033
NW_018384180.1	158436	159436	*	0.00463506317061111	0.0924655821206777	0.636879114062929
NW_018384557.1	355075	356075	*	0.00464089118217904	0.0924655821206777	5.47230709644102
NW_018384267.1	127806	128806	*	0.00465091816552276	0.0924655821206777	1.7480773484847
NW_018384322.1	1002313	1003313	*	0.00465279003455204	0.0924655821206777	0.162338996703902
NW_018384767.1	416464	417464	*	0.00465602392211661	0.0924655821206777	0.356510561196269
NW_018386260.1	237306	238306	*	0.00467183816817098	0.0926742112657224	2.19434812115567
NW_018387216.1	524299	525299	*	0.00468134161165949	0.0927542908369602	0.276202109993704
NW_018384577.1	0	324	*	0.00468650208155498	0.0927542908369602	-1.08695652173913
NW_018385166.1	216501	217501	*	0.00470030038531748	0.0929220302675449	-0.145631067961165
NW_018386989.1	181796	182796	*	0.00471262270635006	0.0930602439400801	1.30583308845137
NW_018385261.1	1934	2934	*	0.00471814755612015	0.0930640671521513	-8.04487179487179
NW_018388125.1	190905	191905	*	0.00472353119044433	0.0930650994448104	0.218280694301847
NW_018388189.1	15711	16711	*	0.00473413916370947	0.0931689455996202	-0.137646249139711
NW_018384896.1	421407	422407	*	0.00474094112766244	0.0931888764672337	1.90040318186771
NW_018387217.1	59003	60003	*	0.00474582867916403	0.0931888764672337	-0.0979431929480901
NW_018385514.1	31405	32405	*	0.00476545954189245	0.0934692074805097	0.297596719742339
NW_018388023.1	48243	49243	*	0.0047711492676446	0.0934757761833606	1.19364005591423
NW_018385444.1	552465	553465	*	0.00480350827349261	0.0940042456865116	-1.3308500238556
NW_018385337.1	303794	304794	*	0.00485523424556928	0.0947985423596787	-2.42758117986781
NW_018387875.1	66231	67231	*	0.00485705217570257	0.0947985423596787	0.460242483969883
NW_018388258.1	579316	580316	*	0.00486038771758689	0.0947985423596787	0.262301553680446
NW_018387468.1	114204	115204	*	0.00490105656991178	0.0954850733111264	0.164149704530532
NW_018384311.1	19374	20374	*	0.00491731285204211	0.0955273574524192	0.151331719128329
NW_018385192.1	1701793	1702793	*	0.00491839721398721	0.0955273574524192	-0.180777342573064
NW_018385098.1	862954	863954	*	0.00491964398420463	0.0955273574524192	1.19894095475934
NW_018385013.1	200963	201963	*	0.00492875252100992	0.0955978847559925	-0.218054704303021
NW_018388203.1	301430	302430	*	0.00495769881349061	0.0960526007634414	-0.931596268408762
NW_018385287.1	523904	524904	*	0.00498499752918981	0.0964744230553344	-2.63899644703085
NW_018385420.1	203241	204241	*	0.00500359663339258	0.0967229585619665	-4.04215136274473
NW_018388000.1	68837	69837	*	0.00500892146620245	0.0967229585619665	-0.765316372600383
NW_018385269.1	195942	196942	*	0.00503068103221475	0.0969124181158307	-0.215982721382289
NW_018387900.1	53808	54808	*	0.00503348608524405	0.0969124181158307	-7.7335902022843
NW_018384267.1	280512	281512	*	0.00503774487845129	0.0969124181158307	-0.130747439529309
NW_018386096.1	66962	67962	*	0.00504093965285343	0.0969124181158307	-0.793848661590704
NW_018387892.1	145328	146328	*	0.00504772542247531	0.0969361171740884	0.336908023106392
NW_018387567.1	73965	74965	*	0.00506374999323895	0.0971369903797947	-1.64191171774011
NW_018387936.1	188943	189943	*	0.00507788477653092	0.0972903472460353	0.397237992115714
NW_018386794.1	140557	141557	*	0.00508289117577453	0.0972903472460353	3.34009881760899
NW_018384767.1	273655	274655	*	0.00510825265777123	0.0974716068987345	0.189381378523963
NW_018388169.1	591247	592247	*	0.00511000495296632	0.0974716068987345	2.77815292601005
NW_018385051.1	230415	231415	*	0.00511234195250814	0.0974716068987345	0.250569215977784
NW_018384631.1	615712	616712	*	0.00511517551473376	0.0974716068987345	2.1230965025475
NW_018386749.1	258065	259065	*	0.00512027965205465	0.0974716068987345	-0.103181427343078
NW_018386391.1	23710	24710	*	0.00513200340408296	0.0975883634038434	0.254714543757781
NW_018385312.1	63603	64603	*	0.00517638226034815	0.0983251480494661	0.198171675601611
NW_018385945.1	102942	103942	*	0.00519889020117705	0.0986453454970374	-1.47124877455607
NW_018384643.1	183943	184943	*	0.00520848145821344	0.0987200285861362	2.38676289412444
NW_018388247.1	9166	10166	*	0.00522860745100991	0.0989940053976458	0.333704115684093
NW_018385051.1	218930	219930	*	0.00527749037958612	0.0998074788465213	0.17611835153223
NW_018384422.1	92558	93558	*	0.00528300809809416	0.0998074788465213	-4.60804240395345
NW_018384609.1	390516	391516	*	0.00529392218993281	0.099834453744591	0.172309305688773
NW_018384300.1	427435	428435	*	0.00529869118928777	0.099834453744591	2.61479758233493
NW_018384854.1	351525	352525	*	0.00530159319255074	0.099834453744591	-0.181640892002414
